Page URL,Discovered
https://www.scoopanalytics.com/ai-sales,07 Nov 2025 (04:45 UTC)
https://www.scoopanalytics.com/blog/a-comprehensive-guide-to-pipedrive-s-recommended-integrations,27 Jan 2026 (18:06 UTC)
https://www.scoopanalytics.com/blog/achieve-market-success-with-customer-segmentation-strategies,27 Jan 2026 (18:06 UTC)
https://www.scoopanalytics.com/blog/agent-analytics-and-how-to-use-it-for-data-analysis,27 Jan 2026 (18:06 UTC)
https://www.scoopanalytics.com/blog/agentic-ai-analytics,27 Jan 2026 (18:06 UTC)
https://www.scoopanalytics.com/blog/all-in-one-analytics-tools-that-integrate-with-pipedrive-and-google-analytics,27 Jan 2026 (18:06 UTC)
https://www.scoopanalytics.com/blog/apollo-io-for-small-businesses-features-benefits-and-comparisons,27 Jan 2026 (18:06 UTC)
https://www.scoopanalytics.com/blog/best-practices-for-a-smooth-hubspot-data-migration,27 Jan 2026 (18:06 UTC)
https://www.scoopanalytics.com/blog/best-practices-for-business-process-analysis-leveraging-data-snapshots,27 Jan 2026 (18:06 UTC)
https://www.scoopanalytics.com/blog/building-a-customer-360-view-a-step-by-step-guide-for-success-teams,27 Jan 2026 (18:06 UTC)
https://www.scoopanalytics.com/blog/building-custom-dashboards-in-hubspot-for-better-data-visualization,27 Jan 2026 (18:06 UTC)
https://www.scoopanalytics.com/blog/business-financial-reporting-standards-and-tips,27 Jan 2026 (18:06 UTC)
https://www.scoopanalytics.com/blog/business-intelligence,27 Jan 2026 (18:06 UTC)
https://www.scoopanalytics.com/blog/business-intelligence-dashboard-best-practices,27 Jan 2026 (18:06 UTC)
https://www.scoopanalytics.com/blog/business-intelligence-tools,27 Jan 2026 (18:06 UTC)
https://www.scoopanalytics.com/blog/cohort-analysis-insight-for-revops,27 Jan 2026 (18:06 UTC)
https://www.scoopanalytics.com/blog/common-pitfalls-to-avoid-when-establishing-a-finops-function,27 Jan 2026 (18:06 UTC)
https://www.scoopanalytics.com/blog/conducting-cost-to-serve-analysis-to-identify-efficiency-gains,27 Jan 2026 (18:06 UTC)
https://www.scoopanalytics.com/blog/conversational-analytics,27 Jan 2026 (18:06 UTC)
https://www.scoopanalytics.com/blog/crafting-impactful-board-reports-essential-metrics-for-saas-companies,27 Jan 2026 (18:06 UTC)
https://www.scoopanalytics.com/blog/customer-success-insights-ai-alignment-and-roi-with-jeremy-silver,27 Jan 2026 (18:06 UTC)
https://www.scoopanalytics.com/blog/data-analytics-challenges-what-i-learned-from-a-customer-success-analyst-this-week,27 Jan 2026 (18:06 UTC)
https://www.scoopanalytics.com/blog/data-face-off-visualization-vs-presentation-the-ultimate-business-showdown,27 Jan 2026 (18:06 UTC)
https://www.scoopanalytics.com/blog/decoding-customer-success-metrics-what-matters-most,27 Jan 2026 (18:06 UTC)
https://www.scoopanalytics.com/blog/defining-crm-data-the-key-to-unlocking-business-potential,27 Jan 2026 (18:06 UTC)
https://www.scoopanalytics.com/blog/dive-into-the-paris-olympics-2024-with-scoop-analytics,27 Jan 2026 (18:06 UTC)
https://www.scoopanalytics.com/blog/effective-crm-data-management-strategies-for-better-business-outcomes,27 Jan 2026 (18:06 UTC)
https://www.scoopanalytics.com/blog/ensuring-crm-data-quality-best-practices-for-reliable-business-insights,27 Jan 2026 (18:06 UTC)
https://www.scoopanalytics.com/blog/expense-reports-template-simplify-your-budget-management,27 Jan 2026 (18:06 UTC)
https://www.scoopanalytics.com/blog/how-authenticity-ai-and-communities-are-shaping-the-future-of-product-marketing,27 Jan 2026 (18:06 UTC)
https://www.scoopanalytics.com/blog/how-can-finops-help-in-forecasting-and-planning,27 Jan 2026 (18:06 UTC)
https://www.scoopanalytics.com/blog/how-crm-data-integration-enhances-cross-departmental-collaboration,27 Jan 2026 (18:06 UTC)
https://www.scoopanalytics.com/blog/how-does-agentic-analytics-work,27 Jan 2026 (18:06 UTC)
https://www.scoopanalytics.com/blog/how-does-finops-integrate-with-existing-business-processes,27 Jan 2026 (18:06 UTC)
https://www.scoopanalytics.com/blog/how-does-sales-analytics-increase-revenue,27 Jan 2026 (18:06 UTC)
https://www.scoopanalytics.com/blog/how-finops-drives-alignment-between-sales-marketing-and-customer-success,27 Jan 2026 (18:06 UTC)
https://www.scoopanalytics.com/blog/how-is-data-analysis-changing-businesses,27 Jan 2026 (18:06 UTC)
https://www.scoopanalytics.com/blog/how-marketing-ops-can-help-in-forecasting-and-planning,27 Jan 2026 (18:06 UTC)
https://www.scoopanalytics.com/blog/how-marketing-ops-contributes-to-revenue-growth,27 Jan 2026 (18:06 UTC)
https://www.scoopanalytics.com/blog/how-pe-firms-leverage-data-for-smarter-investments,27 Jan 2026 (18:06 UTC)
https://www.scoopanalytics.com/blog/how-revops-can-improve-forecasting-and-planning,27 Jan 2026 (18:06 UTC)
https://www.scoopanalytics.com/blog/how-revops-is-transforming-business-growth,27 Jan 2026 (18:06 UTC)
https://www.scoopanalytics.com/blog/how-to-boost-efficiency-as-an-operations-leader,27 Jan 2026 (18:06 UTC)
https://www.scoopanalytics.com/blog/how-to-calculate-margins-a-simple-guide-with-a-margin-calculator,27 Jan 2026 (18:06 UTC)
https://www.scoopanalytics.com/blog/how-to-choose-the-right-crm-a-step-by-step-guide-for-business-operation-leaders,27 Jan 2026 (18:06 UTC)
https://www.scoopanalytics.com/blog/how-to-conduct-customer-profitability-analysis-for-strategic-gains,27 Jan 2026 (18:06 UTC)
https://www.scoopanalytics.com/blog/how-to-conduct-product-profitability-analysis-for-better-decisions,27 Jan 2026 (18:06 UTC)
https://www.scoopanalytics.com/blog/how-to-create-a-unified-customer-360-view-for-better-decisions,27 Jan 2026 (18:06 UTC)
https://www.scoopanalytics.com/blog/how-to-export-and-analyze-data-from-hubspot,27 Jan 2026 (18:06 UTC)
https://www.scoopanalytics.com/blog/how-to-get-powerful-business-intelligence-without-hiring-a-data-team,27 Jan 2026 (18:06 UTC)
https://www.scoopanalytics.com/blog/how-to-leverage-ai-and-data-to-drive-innovation-and-engagement,27 Jan 2026 (18:06 UTC)
https://www.scoopanalytics.com/blog/how-to-maximize-customer-lifetime-value-through-strategic-analysis,27 Jan 2026 (18:06 UTC)
https://www.scoopanalytics.com/blog/how-to-optimize-data-insights-with-hubspot-and-google-analytics,27 Jan 2026 (18:06 UTC)
https://www.scoopanalytics.com/blog/how-to-simplify-your-data-stack-with-scoop-a-guide,27 Jan 2026 (18:06 UTC)
https://www.scoopanalytics.com/blog/i-dont-need-more-tech-i-need-to-push-the-needle-what-i-learned-from-a-marketing-leader-this-week,27 Jan 2026 (18:06 UTC)
https://www.scoopanalytics.com/blog/if-you-need-a-certification-to-use-it-is-it-really-self-service,27 Jan 2026 (18:06 UTC)
https://www.scoopanalytics.com/blog/income-statement-template-best-practices-for-tracking-revenue,27 Jan 2026 (18:06 UTC)
https://www.scoopanalytics.com/blog/introducing-scoops-instant-recipes,27 Jan 2026 (18:06 UTC)
https://www.scoopanalytics.com/blog/is-your-4th-of-july-as-explosive-as-the-data,27 Jan 2026 (18:06 UTC)
https://www.scoopanalytics.com/blog/is-your-powerpoint-slide-costing-you-10k,27 Jan 2026 (18:06 UTC)
https://www.scoopanalytics.com/blog/key-challenges-faced-by-finops-teams,27 Jan 2026 (18:06 UTC)
https://www.scoopanalytics.com/blog/leverage-your-strengths-to-navigate-career-changes,27 Jan 2026 (18:06 UTC)
https://www.scoopanalytics.com/blog/leveraging-intelligent-data-snapshotting-for-precise-time-series-analysis,27 Jan 2026 (18:06 UTC)
https://www.scoopanalytics.com/blog/managing-projects-and-data-seamlessly-with-asana-and-hubspot-integration,27 Jan 2026 (18:06 UTC)
https://www.scoopanalytics.com/blog/marketing-vs-sales-focus-the-best-crm-systems-for-2025-to-manage-your-data,27 Jan 2026 (18:06 UTC)
https://www.scoopanalytics.com/blog/maximizing-insights-with-hubspot-and-google-analytics-integration,27 Jan 2026 (18:06 UTC)
https://www.scoopanalytics.com/blog/maximizing-profit-with-customer-lifetime-value-analysis,27 Jan 2026 (18:06 UTC)
https://www.scoopanalytics.com/blog/navigating-the-customer-success-journey-best-practices-for-every-stage,27 Jan 2026 (18:06 UTC)
https://www.scoopanalytics.com/blog/optimizing-sales-performance-with-advanced-reporting-in-close-crm,27 Jan 2026 (18:06 UTC)
https://www.scoopanalytics.com/blog/pipedrive-vs-salesforce-a-comparative-analysis-for-sales-leaders,27 Jan 2026 (18:06 UTC)
https://www.scoopanalytics.com/blog/point-in-time-analysis-why-data-snapshotting-matters-in-business-decisions,27 Jan 2026 (18:06 UTC)
https://www.scoopanalytics.com/blog/predicting-and-managing-attrition-risk-with-data-analysis,27 Jan 2026 (18:06 UTC)
https://www.scoopanalytics.com/blog/predictive-analytics-for-sales-forecasting,27 Jan 2026 (18:06 UTC)
https://www.scoopanalytics.com/blog/product-roadmap-templates-plan-your-development-strategy,27 Jan 2026 (18:06 UTC)
https://www.scoopanalytics.com/blog/project-status-reports-template-keep-stakeholders-updated,27 Jan 2026 (18:06 UTC)
https://www.scoopanalytics.com/blog/real-time-alerts-and-notifications-staying-proactive-with-close-crm,27 Jan 2026 (18:06 UTC)
https://www.scoopanalytics.com/blog/reducing-your-cost-to-serve-to-improve-profit-margins,27 Jan 2026 (18:06 UTC)
https://www.scoopanalytics.com/blog/scaling-your-sales-with-apolloio-a-comprehensive-guide,27 Jan 2026 (18:06 UTC)
https://www.scoopanalytics.com/blog/scoop-airtable,27 Jan 2026 (18:06 UTC)
https://www.scoopanalytics.com/blog/scoop-monday-com,27 Jan 2026 (18:06 UTC)
https://www.scoopanalytics.com/blog/scoops-latest-demo---dynamic-data-for-revenue-marketing-and-finance-ops-teams,27 Jan 2026 (18:06 UTC)
https://www.scoopanalytics.com/blog/segment-and-cluster-discovery-your-ai-data-scientists-first-superpower,27 Jan 2026 (18:06 UTC)
https://www.scoopanalytics.com/blog/still-exporting-quickbooks-data-learn-how-to-turn-it-into-presentation-ready-dataquickbooks-isnt-just-for-bookkeeping--learn-how-to-turn-financial-data-into-real-time-insights-for-sales-marketing-and-operations-with-automated-reporting,27 Jan 2026 (18:06 UTC)
https://www.scoopanalytics.com/blog/streamlining-lead-and-opportunity-management-for-close-crm-users,27 Jan 2026 (18:06 UTC)
https://www.scoopanalytics.com/blog/streamlining-revops-master-the-data-lifecycle-with-scoop,27 Jan 2026 (18:06 UTC)
https://www.scoopanalytics.com/blog/taking-sales-forecasting-to-the-next-level-with-enhanced-crm-analytics,27 Jan 2026 (18:06 UTC)
https://www.scoopanalytics.com/blog/talk-to-your-pipeline-how-sales-teams-can-use-slack-to-drive-deals-with-their-data,27 Jan 2026 (18:06 UTC)
https://www.scoopanalytics.com/blog/the-best-ai-data-analytics-tools,27 Jan 2026 (18:06 UTC)
https://www.scoopanalytics.com/blog/the-data-its-just-cumbersome-what-i-learned-from-a-marketing-leader-this-week,27 Jan 2026 (18:06 UTC)
https://www.scoopanalytics.com/blog/the-fastest-way-to-spot-churn-let-ai-surface-the-signals,27 Jan 2026 (18:06 UTC)
https://www.scoopanalytics.com/blog/the-fastest-way-to-understand-whats-driving-success-or-trouble,27 Jan 2026 (20:43 UTC)
https://www.scoopanalytics.com/blog/the-importance-of-crm-data-enrichment-for-revenue-growth,27 Jan 2026 (18:06 UTC)
https://www.scoopanalytics.com/blog/the-modern-data-stack-is-dead-agentic-bi-is-the-new-standard,27 Jan 2026 (18:06 UTC)
https://www.scoopanalytics.com/blog/the-role-of-data-analytics-in-marketing-ops-a-comprehensive-guide,27 Jan 2026 (18:06 UTC)
https://www.scoopanalytics.com/blog/the-top-customer-success-signals-youre-missing--and-how-ai-analytics-in-slack-finds-them-first,27 Jan 2026 (20:43 UTC)
https://www.scoopanalytics.com/blog/the-ultimate-guide-to-choosing-the-best-google-sheets-templates,27 Jan 2026 (18:06 UTC)
https://www.scoopanalytics.com/blog/the-ultimate-guide-to-creating-a-data-snapshot-report-for-data-driven-decisions,27 Jan 2026 (18:06 UTC)
https://www.scoopanalytics.com/blog/the-ultimate-guide-to-saas-data-snapshots-capturing-software-trends,27 Jan 2026 (18:06 UTC)
https://www.scoopanalytics.com/blog/theres-a-pattern-in-your-pipeline-scoop-will-find-it,27 Jan 2026 (18:06 UTC)
https://www.scoopanalytics.com/blog/time-series-analysis-example-using-data-snapshots-for-predictive-insights,27 Jan 2026 (18:06 UTC)
https://www.scoopanalytics.com/blog/timesheet-templates-track-employee-time-effectively,27 Jan 2026 (18:06 UTC)
https://www.scoopanalytics.com/blog/top-10-spreadsheet-apps-for-data-driven-decision-making,27 Jan 2026 (18:06 UTC)
https://www.scoopanalytics.com/blog/top-alternatives-to-apollo-io-for-sales-and-marketing-teams,27 Jan 2026 (18:06 UTC)
https://www.scoopanalytics.com/blog/tracking-advanced-metrics-elevating-your-crm-capabilities,27 Jan 2026 (18:06 UTC)
https://www.scoopanalytics.com/blog/tracking-google-ads-performance-with-hubspot-a-data-driven-approach,27 Jan 2026 (18:06 UTC)
https://www.scoopanalytics.com/blog/understanding-the-full-customer-journey-a-complete-guide,27 Jan 2026 (18:06 UTC)
https://www.scoopanalytics.com/blog/unicorns-arent-real-but-revops-teams-are,27 Jan 2026 (18:06 UTC)
https://www.scoopanalytics.com/blog/unlocking-hidden-insights-in-your-asana-data-what-teams-discovered,27 Jan 2026 (18:06 UTC)
https://www.scoopanalytics.com/blog/unlocking-sales-insights-with-hubspot-analytics,27 Jan 2026 (18:06 UTC)
https://www.scoopanalytics.com/blog/we-just-gave-everyone-in-slack-a-phd-in-data-science,27 Jan 2026 (18:06 UTC)
https://www.scoopanalytics.com/blog/what-actually-drove-last-quarters-conversions-let-the-ai-tell-you,27 Jan 2026 (18:06 UTC)
https://www.scoopanalytics.com/blog/what-are-business-intelligence-tools,27 Jan 2026 (18:06 UTC)
https://www.scoopanalytics.com/blog/what-are-business-intelligence-tools-used-for,27 Jan 2026 (18:06 UTC)
https://www.scoopanalytics.com/blog/what-is-agentic-ai,27 Jan 2026 (18:06 UTC)
https://www.scoopanalytics.com/blog/what-is-an-ai-agent-in-the-context-of-analytics,27 Jan 2026 (18:06 UTC)
https://www.scoopanalytics.com/blog/what-is-data-reconciliation,27 Jan 2026 (18:06 UTC)
https://www.scoopanalytics.com/blog/what-teams-does-revops-work-with,27 Jan 2026 (18:06 UTC)
https://www.scoopanalytics.com/blog/why-choose-pipedrive-over-free-crm-solutions-like-hubspot,27 Jan 2026 (18:06 UTC)
https://www.scoopanalytics.com/blog/why-customer-usage-drops-pattern-vs-metric,27 Jan 2026 (20:43 UTC)
https://www.scoopanalytics.com/blog/why-scoop-analytics-is-one-of-the-hottest-big-data-startups-of-2024,27 Jan 2026 (18:06 UTC)
https://www.scoopanalytics.com/blog/why-the-big-players-will-never-be-agentic-bi-and-what-that-means-for-you,27 Jan 2026 (18:06 UTC)
https://www.scoopanalytics.com/blog/why-we-built-scoop-the-first-real-ai-data-scientist,27 Jan 2026 (18:06 UTC)
https://www.scoopanalytics.com/blog/your-best-marketing-insights-just-one-slack-message-away,27 Jan 2026 (18:06 UTC)
https://www.scoopanalytics.com/blog/your-health-score-misses-the-signs-scoop-spots-them-first,27 Jan 2026 (18:06 UTC)
https://www.scoopanalytics.com/blog/youre-sitting-on-segments-that-convert-3x-better-your-ai-data-scientist-can-help-you-find-them,27 Jan 2026 (18:06 UTC)
https://www.scoopanalytics.com/case-study/anyword,06 Dec 2024 (00:03 UTC)
https://www.scoopanalytics.com/case-study/research-services,07 Mar 2025 (03:19 UTC)
https://www.scoopanalytics.com/case-study/scoop-analytics,27 Feb 2025 (00:34 UTC)
https://www.scoopanalytics.com/comparison/coefficient,06 Dec 2024 (00:03 UTC)
https://www.scoopanalytics.com/comparison/databox,06 Dec 2024 (00:03 UTC)
https://www.scoopanalytics.com/comparison/domo,06 Dec 2024 (00:03 UTC)
https://www.scoopanalytics.com/comparison/klipfolio,27 Dec 2024 (02:00 UTC)
https://www.scoopanalytics.com/comparison/scoop-vs-gooddata,31 Jan 2025 (08:06 UTC)
https://www.scoopanalytics.com/comparison/scoop-vs-tableau,22 Aug 2025 (05:02 UTC)
https://www.scoopanalytics.com/comparison/thoughtspot,06 Dec 2024 (00:03 UTC)
https://www.scoopanalytics.com/data-sources/amazon-seller-central,06 Dec 2024 (00:03 UTC)
https://www.scoopanalytics.com/data-sources/bigcommerce,06 Dec 2024 (00:03 UTC)
https://www.scoopanalytics.com/data-sources/copper,09 Dec 2024 (23:41 UTC)
https://www.scoopanalytics.com/data-sources/crystal-reports,06 Dec 2024 (00:03 UTC)
https://www.scoopanalytics.com/data-sources/email-reports,06 Dec 2024 (00:03 UTC)
https://www.scoopanalytics.com/data-sources/expensify,06 Dec 2024 (00:03 UTC)
https://www.scoopanalytics.com/data-sources/freshworks,06 Dec 2024 (00:03 UTC)
https://www.scoopanalytics.com/data-sources/gong,06 Dec 2024 (00:03 UTC)
https://www.scoopanalytics.com/data-sources/google-ads-api-flexible-query,27 Jan 2026 (18:06 UTC)
https://www.scoopanalytics.com/data-sources/google-data-studio,11 Apr 2025 (03:39 UTC)
https://www.scoopanalytics.com/data-sources/insightly,06 Dec 2024 (00:03 UTC)
https://www.scoopanalytics.com/data-sources/linkedin,06 Dec 2024 (00:03 UTC)
https://www.scoopanalytics.com/data-sources/marketo,06 Dec 2024 (00:03 UTC)
https://www.scoopanalytics.com/data-sources/meta-facebook-analytics,06 Dec 2024 (00:03 UTC)
https://www.scoopanalytics.com/data-sources/microsoft-dynamics-365,06 Dec 2024 (00:03 UTC)
https://www.scoopanalytics.com/data-sources/microsoft-reporting-services-ssrs,06 Dec 2024 (00:03 UTC)
https://www.scoopanalytics.com/data-sources/multiple-listing-service-mls,06 Dec 2024 (00:03 UTC)
https://www.scoopanalytics.com/data-sources/netsuite,27 Jan 2026 (18:06 UTC)
https://www.scoopanalytics.com/data-sources/oracle-bi,06 Dec 2024 (00:03 UTC)
https://www.scoopanalytics.com/data-sources/outreach,06 Dec 2024 (00:03 UTC)
https://www.scoopanalytics.com/data-sources/salesloft,06 Dec 2024 (00:03 UTC)
https://www.scoopanalytics.com/data-sources/servicenow,06 Dec 2024 (00:03 UTC)
https://www.scoopanalytics.com/data-sources/sharetribe,06 Dec 2024 (00:03 UTC)
https://www.scoopanalytics.com/data-sources/shipstation,06 Dec 2024 (00:03 UTC)
https://www.scoopanalytics.com/data-sources/shopify,27 Jan 2026 (18:06 UTC)
https://www.scoopanalytics.com/data-sources/smartsheet,06 Dec 2024 (00:03 UTC)
https://www.scoopanalytics.com/data-sources/snowflake,09 Jan 2026 (06:10 UTC)
https://www.scoopanalytics.com/data-sources/sprout-social,06 Dec 2024 (00:03 UTC)
https://www.scoopanalytics.com/data-sources/stripe,06 Dec 2024 (00:03 UTC)
https://www.scoopanalytics.com/data-sources/woocommerce,06 Dec 2024 (00:03 UTC)
https://www.scoopanalytics.com/data-sources/workday,06 Dec 2024 (00:03 UTC)
https://www.scoopanalytics.com/data-sources/yardi,06 Dec 2024 (00:03 UTC)
https://www.scoopanalytics.com/data-sources/zendesk,06 Dec 2024 (00:03 UTC)
https://www.scoopanalytics.com/deep-dives/top-8-hubspot-reporting-limitations-how-to-overcome-them,23 Jan 2026 (21:17 UTC)
https://www.scoopanalytics.com/demo-video,06 Dec 2024 (00:03 UTC)
https://www.scoopanalytics.com/housing-market-ai,19 Sep 2025 (04:26 UTC)
https://www.scoopanalytics.com/industry-case-studies/how-academic-publishing-teams-optimized-catalog-insights-with-ai-driven-data-analysis,23 May 2025 (04:09 UTC)
https://www.scoopanalytics.com/industry-case-studies/how-advanced-aerospace-teams-optimized-mission-success-and-cost-efficiency-with-ai-driven-data-analysis,23 May 2025 (04:09 UTC)
https://www.scoopanalytics.com/industry-case-studies/how-advanced-manufacturing-teams-optimized-downtime-reduction-with-ai-driven-data-analysis,23 May 2025 (04:09 UTC)
https://www.scoopanalytics.com/industry-case-studies/how-advanced-manufacturing-teams-optimized-production-uptime-with-ai-driven-data-analysis,23 May 2025 (04:09 UTC)
https://www.scoopanalytics.com/industry-case-studies/how-agile-software-teams-optimized-issue-management-backlogs-with-ai-driven-data-analysis,13 Jun 2025 (04:22 UTC)
https://www.scoopanalytics.com/industry-case-studies/how-aquaculture-science-teams-optimized-survival-rate-prediction-with-ai-driven-data-analysis,23 May 2025 (04:09 UTC)
https://www.scoopanalytics.com/industry-case-studies/how-asset-management-teams-optimized-risk-allocation-with-ai-driven-data-analysis,23 May 2025 (04:09 UTC)
https://www.scoopanalytics.com/industry-case-studies/how-aviation-operations-teams-optimized-weather-readiness-with-ai-driven-data-analysis,20 Jun 2025 (04:23 UTC)
https://www.scoopanalytics.com/industry-case-studies/how-b2b-financial-operations-teams-optimized-revenue-concentration-with-ai-driven-data-analysis,23 May 2025 (04:09 UTC)
https://www.scoopanalytics.com/industry-case-studies/how-b2b-saas-revenue-operations-teams-optimized-account-growth-and-retention-with-ai-driven-data-analysis,13 Jun 2025 (04:22 UTC)
https://www.scoopanalytics.com/industry-case-studies/how-b2b-saas-teams-optimized-customer-satisfaction-with-ai-driven-data-analysis,13 Jun 2025 (04:22 UTC)
https://www.scoopanalytics.com/industry-case-studies/how-b2b-sales-marketing-teams-optimized-revenue-growth-with-ai-driven-data-analysis,23 May 2025 (04:09 UTC)
https://www.scoopanalytics.com/industry-case-studies/how-b2b-sales-teams-optimized-client-engagement-efficiency-with-ai-driven-data-analysis,20 Jun 2025 (04:23 UTC)
https://www.scoopanalytics.com/industry-case-studies/how-b2b-sales-teams-optimized-opportunity-pipeline-health-with-ai-driven-data-analysis,20 Jun 2025 (04:23 UTC)
https://www.scoopanalytics.com/industry-case-studies/how-b2b-tech-teams-optimized-sales-growth-and-customer-acquisition-with-ai-driven-data-analysis,13 Jun 2025 (04:22 UTC)
https://www.scoopanalytics.com/industry-case-studies/how-behavioral-science-teams-optimized-player-engagement-insights-with-ai-driven-data-analysis,20 Jun 2025 (04:23 UTC)
https://www.scoopanalytics.com/industry-case-studies/how-biotech-marketing-teams-optimized-event-roi-with-ai-driven-data-analysis,23 May 2025 (04:09 UTC)
https://www.scoopanalytics.com/industry-case-studies/how-climate-policy-teams-optimized-public-sentiment-analysis-with-ai-driven-data-analysis,20 Jun 2025 (04:23 UTC)
https://www.scoopanalytics.com/industry-case-studies/how-construction-trade-media-teams-optimized-subscriber-engagement-with-ai-driven-data-analysis,23 May 2025 (04:09 UTC)
https://www.scoopanalytics.com/industry-case-studies/how-consulting-professional-services-teams-optimized-financial-clarity-with-ai-driven-data-analysis,20 Jun 2025 (04:23 UTC)
https://www.scoopanalytics.com/industry-case-studies/how-cybersecurity-teams-optimized-global-security-readiness-with-ai-driven-data-analysis,13 Jun 2025 (04:22 UTC)
https://www.scoopanalytics.com/industry-case-studies/how-diagnostic-device-teams-optimized-product-portfolio-insights-with-ai-driven-data-analysis,23 May 2025 (04:09 UTC)
https://www.scoopanalytics.com/industry-case-studies/how-digital-advertising-teams-optimized-campaign-efficiency-with-ai-driven-data-analysis,23 May 2025 (04:09 UTC)
https://www.scoopanalytics.com/industry-case-studies/how-digital-content-platforms-optimized-content-architecture-with-ai-driven-data-analysis,23 May 2025 (04:09 UTC)
https://www.scoopanalytics.com/industry-case-studies/how-digital-marketing-teams-optimized-campaign-roi-with-ai-driven-data-analysis,23 May 2025 (04:09 UTC)
https://www.scoopanalytics.com/industry-case-studies/how-digital-marketing-teams-optimized-revenue-generation-with-ai-driven-data-analysis,23 May 2025 (04:09 UTC)
https://www.scoopanalytics.com/industry-case-studies/how-digital-media-agencies-optimized-revenue-forecasting-with-ai-driven-data-analysis,23 May 2025 (04:09 UTC)
https://www.scoopanalytics.com/industry-case-studies/how-digital-strategy-teams-optimized-global-web-insights-with-ai-driven-data-analysis,23 May 2025 (04:09 UTC)
https://www.scoopanalytics.com/industry-case-studies/how-e-commerce-retail-teams-optimized-laptop-sales-strategy-with-ai-driven-data-analysis,23 May 2025 (04:09 UTC)
https://www.scoopanalytics.com/industry-case-studies/how-ecommerce-electronics-teams-optimized-laptop-sales-strategy-with-ai-driven-data-analysis,23 May 2025 (04:09 UTC)
https://www.scoopanalytics.com/industry-case-studies/how-ecommerce-electronics-teams-optimized-product-sales-and-pricing-strategies-with-ai-driven-data-analysis,23 May 2025 (04:09 UTC)
https://www.scoopanalytics.com/industry-case-studies/how-ecommerce-electronics-teams-optimized-revenue-growth-with-ai-driven-data-analysis,23 May 2025 (04:09 UTC)
https://www.scoopanalytics.com/industry-case-studies/how-ecommerce-electronics-teams-optimized-revenue-insights-with-ai-driven-data-analysis,23 May 2025 (04:09 UTC)
https://www.scoopanalytics.com/industry-case-studies/how-ecommerce-retail-teams-optimized-customer-satisfaction-with-ai-driven-data-analysis,23 May 2025 (04:09 UTC)
https://www.scoopanalytics.com/industry-case-studies/how-ecommerce-retail-teams-optimized-geographic-market-focus-with-ai-driven-data-analysis,23 May 2025 (04:09 UTC)
https://www.scoopanalytics.com/industry-case-studies/how-ecommerce-retail-teams-optimized-laptop-sales-strategy-with-ai-driven-data-analysis,23 May 2025 (04:09 UTC)
https://www.scoopanalytics.com/industry-case-studies/how-ecommerce-retail-teams-optimized-operational-efficiency-with-ai-driven-data-analysis,23 May 2025 (04:09 UTC)
https://www.scoopanalytics.com/industry-case-studies/how-ecommerce-retail-teams-optimized-revenue-growth-and-product-mix-with-ai-driven-data-analysis,23 May 2025 (04:09 UTC)
https://www.scoopanalytics.com/industry-case-studies/how-ecommerce-retail-teams-optimized-revenue-growth-with-ai-driven-data-analysis,23 May 2025 (04:09 UTC)
https://www.scoopanalytics.com/industry-case-studies/how-ecommerce-retail-teams-optimized-seasonal-sales-cycles-with-ai-driven-data-analysis,23 May 2025 (04:09 UTC)
https://www.scoopanalytics.com/industry-case-studies/how-ecommerce-teams-optimized-distribution-strategy-and-revenue-with-ai-driven-data-analysis,23 May 2025 (04:09 UTC)
https://www.scoopanalytics.com/industry-case-studies/how-ecommerce-tech-retail-teams-optimized-category-growth-with-ai-driven-data-analysis,23 May 2025 (04:09 UTC)
https://www.scoopanalytics.com/industry-case-studies/how-edtech-teams-optimized-tutoring-effectiveness-with-ai-driven-data-analysis,23 May 2025 (04:09 UTC)
https://www.scoopanalytics.com/industry-case-studies/how-electronic-engineering-teams-optimized-circuit-analysis-with-ai-driven-data-analysis,23 May 2025 (04:09 UTC)
https://www.scoopanalytics.com/industry-case-studies/how-elite-sports-analytics-teams-optimized-on-court-strategy-with-ai-driven-data-analysis,23 May 2025 (04:09 UTC)
https://www.scoopanalytics.com/industry-case-studies/how-energy-management-teams-optimized-electricity-usage-with-ai-driven-data-analysis,20 Jun 2025 (04:23 UTC)
https://www.scoopanalytics.com/industry-case-studies/how-enterprise-service-industry-teams-optimized-ai-adoption-and-growth-strategy-with-ai-driven-data-analysis,20 Jun 2025 (04:23 UTC)
https://www.scoopanalytics.com/industry-case-studies/how-facilities-management-teams-optimized-security-risk-mitigation-with-ai-driven-data-analysis,20 Jun 2025 (04:23 UTC)
https://www.scoopanalytics.com/industry-case-studies/how-faith-based-education-teams-optimized-youth-engagement-with-ai-driven-data-analysis,23 May 2025 (04:09 UTC)
https://www.scoopanalytics.com/industry-case-studies/how-faith-based-nonprofits-optimized-donation-performance-with-ai-driven-data-analysis,23 May 2025 (04:09 UTC)
https://www.scoopanalytics.com/industry-case-studies/how-financial-analytics-teams-optimized-interest-rate-risk-monitoring-with-ai-driven-data-analysis,23 May 2025 (04:09 UTC)
https://www.scoopanalytics.com/industry-case-studies/how-financial-analytics-teams-optimized-yield-risk-analysis-with-ai-driven-data-analysis,23 May 2025 (04:09 UTC)
https://www.scoopanalytics.com/industry-case-studies/how-financial-operations-teams-optimized-revenue-pattern-discovery-with-ai-driven-data-analysis,23 May 2025 (04:09 UTC)
https://www.scoopanalytics.com/industry-case-studies/how-financial-services-teams-optimized-compliance-and-operational-quality-with-ai-driven-data-analysis,23 May 2025 (04:09 UTC)
https://www.scoopanalytics.com/industry-case-studies/how-financial-services-teams-optimized-institutional-lending-strategies-with-ai-driven-data-analysis,23 May 2025 (04:09 UTC)
https://www.scoopanalytics.com/industry-case-studies/how-financial-services-teams-optimized-interest-rate-risk-insights-with-ai-driven-data-analysis,23 May 2025 (04:09 UTC)
https://www.scoopanalytics.com/industry-case-studies/how-financial-services-teams-optimized-rate-risk-intelligence-with-ai-driven-data-analysis,23 May 2025 (04:09 UTC)
https://www.scoopanalytics.com/industry-case-studies/how-financial-services-teams-optimized-revenue-growth-consistency-with-ai-driven-data-analysis,23 May 2025 (04:09 UTC)
https://www.scoopanalytics.com/industry-case-studies/how-financial-tech-teams-optimized-cybersecurity-posture-with-ai-driven-data-analysis,23 May 2025 (04:09 UTC)
https://www.scoopanalytics.com/industry-case-studies/how-healthcare-consulting-teams-optimized-revenue-recognition-with-ai-driven-data-analysis,20 Jun 2025 (04:23 UTC)
https://www.scoopanalytics.com/industry-case-studies/how-healthcare-manufacturing-teams-optimized-performance-and-costs-with-ai-driven-data-analysis,20 Jun 2025 (04:23 UTC)
https://www.scoopanalytics.com/industry-case-studies/how-healthcare-operations-teams-optimized-adhd-medication-outcomes-with-ai-driven-data-analysis,23 May 2025 (04:09 UTC)
https://www.scoopanalytics.com/industry-case-studies/how-healthcare-operations-teams-optimized-patient-safety-with-ai-driven-data-analysis,23 May 2025 (04:09 UTC)
https://www.scoopanalytics.com/industry-case-studies/how-healthcare-ops-teams-optimized-patient-outcomes-and-revenue-with-ai-driven-data-analysis,23 May 2025 (04:09 UTC)
https://www.scoopanalytics.com/industry-case-studies/how-healthcare-provider-teams-optimized-patient-engagement-and-revenue-with-ai-driven-data-analysis,23 May 2025 (04:09 UTC)
https://www.scoopanalytics.com/industry-case-studies/how-healthcare-teams-optimized-provider-wellness-and-patient-communication-with-ai-driven-data-analysis,23 May 2025 (04:09 UTC)
https://www.scoopanalytics.com/industry-case-studies/how-home-fragrance-inventory-teams-optimized-warehouse-efficiency-and-stock-risk-with-ai-driven-data-analysis,23 May 2025 (04:09 UTC)
https://www.scoopanalytics.com/industry-case-studies/how-hotel-revenue-teams-optimized-occupancy-and-pricing-with-ai-driven-data-analysis,13 Jun 2025 (04:22 UTC)
https://www.scoopanalytics.com/industry-case-studies/how-hr-analytics-teams-optimized-workforce-demographic-insights-with-ai-driven-data-analysis,23 May 2025 (04:09 UTC)
https://www.scoopanalytics.com/industry-case-studies/how-hr-change-management-teams-optimized-employee-engagement-with-ai-driven-data-analysis,23 May 2025 (04:09 UTC)
https://www.scoopanalytics.com/industry-case-studies/how-influencer-marketing-teams-optimized-campaign-execution-with-ai-driven-data-analysis,23 May 2025 (04:09 UTC)
https://www.scoopanalytics.com/industry-case-studies/how-information-services-teams-optimized-data-quality-management-with-ai-driven-data-analysis,13 Jun 2025 (04:22 UTC)
https://www.scoopanalytics.com/industry-case-studies/how-infrastructure-operations-teams-optimized-project-efficiency-and-risk-management-with-ai-driven-data-analysis,20 Jun 2025 (04:23 UTC)
https://www.scoopanalytics.com/industry-case-studies/how-insurance-portfolio-teams-optimized-product-personalization-and-risk-insights-with-ai-driven-data-analysis,23 May 2025 (04:09 UTC)
https://www.scoopanalytics.com/industry-case-studies/how-it-service-support-teams-optimized-service-workflow-efficiency-with-ai-driven-data-analysis,20 Jun 2025 (04:23 UTC)
https://www.scoopanalytics.com/industry-case-studies/how-it-shared-services-teams-optimized-billing-transparency-and-resource-utilization-with-ai-driven-data-analysis,20 Jun 2025 (04:23 UTC)
https://www.scoopanalytics.com/industry-case-studies/how-k-12-education-teams-optimized-student-retention-and-academic-success-with-ai-driven-data-analysis,23 May 2025 (04:09 UTC)
https://www.scoopanalytics.com/industry-case-studies/how-k-12-education-teams-optimized-student-wellbeing-insights-with-ai-driven-data-analysis,23 May 2025 (04:09 UTC)
https://www.scoopanalytics.com/industry-case-studies/how-labor-analytics-teams-optimized-workforce-well-being-insights-with-ai-driven-data-analysis,23 May 2025 (04:09 UTC)
https://www.scoopanalytics.com/industry-case-studies/how-leadership-teams-optimized-organizational-satisfaction-with-ai-driven-data-analysis,13 Jun 2025 (04:22 UTC)
https://www.scoopanalytics.com/industry-case-studies/how-licensing-operations-teams-optimized-license-portfolio-management-with-ai-driven-data-analysis,20 Jun 2025 (04:23 UTC)
https://www.scoopanalytics.com/industry-case-studies/how-live-event-ticketing-teams-optimized-revenue-strategy-with-ai-driven-data-analysis,23 May 2025 (04:09 UTC)
https://www.scoopanalytics.com/industry-case-studies/how-local-services-teams-optimized-directory-data-quality-with-ai-driven-data-analysis,20 Jun 2025 (04:23 UTC)
https://www.scoopanalytics.com/industry-case-studies/how-luxury-auto-service-teams-optimized-new-vehicle-protection-with-ai-driven-data-analysis,20 Jun 2025 (04:23 UTC)
https://www.scoopanalytics.com/industry-case-studies/how-marketing-teams-optimized-client-engagement-efficiency-with-ai-driven-data-analysis,23 May 2025 (04:09 UTC)
https://www.scoopanalytics.com/industry-case-studies/how-marketing-teams-optimized-roi-tracking-with-ai-driven-data-analysis,23 May 2025 (04:09 UTC)
https://www.scoopanalytics.com/industry-case-studies/how-media-entertainment-teams-optimized-content-pipeline-readiness-with-ai-driven-data-analysis,23 May 2025 (04:09 UTC)
https://www.scoopanalytics.com/industry-case-studies/how-media-production-teams-optimized-vendor-procurement-with-ai-driven-data-analysis,23 May 2025 (04:09 UTC)
https://www.scoopanalytics.com/industry-case-studies/how-modern-marketing-teams-optimized-channel-efficiency-with-ai-driven-data-analysis,23 May 2025 (04:09 UTC)
https://www.scoopanalytics.com/industry-case-studies/how-multichannel-marketing-teams-optimized-funnel-conversion-with-ai-driven-data-analysis,23 May 2025 (04:09 UTC)
https://www.scoopanalytics.com/industry-case-studies/how-music-streaming-teams-optimized-user-engagement-with-ai-driven-data-analysis,23 May 2025 (04:09 UTC)
https://www.scoopanalytics.com/industry-case-studies/how-nonprofit-technology-sales-teams-optimized-opportunity-win-rates-with-ai-driven-data-analysis,13 Jun 2025 (04:22 UTC)
https://www.scoopanalytics.com/industry-case-studies/how-office-supply-distributors-optimized-profitability-with-ai-driven-data-analysis,23 May 2025 (04:09 UTC)
https://www.scoopanalytics.com/industry-case-studies/how-police-department-leadership-teams-optimized-workforce-allocation-with-ai-driven-data-analysis,13 Jun 2025 (04:22 UTC)
https://www.scoopanalytics.com/industry-case-studies/how-privacy-compliance-teams-optimized-personal-data-protection-with-ai-driven-data-analysis,20 Jun 2025 (04:23 UTC)
https://www.scoopanalytics.com/industry-case-studies/how-professional-networks-optimized-mentorship-engagement-with-ai-driven-data-analysis,20 Jun 2025 (04:23 UTC)
https://www.scoopanalytics.com/industry-case-studies/how-professional-services-teams-optimized-lead-conversion-and-marketing-spend-with-ai-driven-data-analysis,20 Jun 2025 (04:23 UTC)
https://www.scoopanalytics.com/industry-case-studies/how-professional-services-teams-optimized-revenue-stability-with-ai-driven-data-analysis,13 Jun 2025 (04:22 UTC)
https://www.scoopanalytics.com/industry-case-studies/how-professional-services-teams-optimized-task-completion-efficiency-with-ai-driven-data-analysis,20 Jun 2025 (04:23 UTC)
https://www.scoopanalytics.com/industry-case-studies/how-professional-services-teams-optimized-transaction-value-insights-with-ai-driven-data-analysis,20 Jun 2025 (04:23 UTC)
https://www.scoopanalytics.com/industry-case-studies/how-project-delivery-teams-optimized-implementation-readiness-with-ai-driven-data-analysis,13 Jun 2025 (04:22 UTC)
https://www.scoopanalytics.com/industry-case-studies/how-property-management-teams-optimized-expense-tracking-with-ai-driven-data-analysis,20 Jun 2025 (04:23 UTC)
https://www.scoopanalytics.com/industry-case-studies/how-public-health-teams-optimized-opioid-crisis-response-with-ai-driven-data-analysis,23 May 2025 (04:09 UTC)
https://www.scoopanalytics.com/industry-case-studies/how-public-health-teams-optimized-product-distribution-with-ai-driven-data-analysis,23 May 2025 (04:09 UTC)
https://www.scoopanalytics.com/industry-case-studies/how-public-sector-analytics-teams-optimized-population-planning-with-ai-driven-data-analysis,20 Jun 2025 (04:23 UTC)
https://www.scoopanalytics.com/industry-case-studies/how-quick-service-restaurant-teams-optimized-menu-quality-and-popularity-with-ai-driven-data-analysis,23 May 2025 (04:09 UTC)
https://www.scoopanalytics.com/industry-case-studies/how-real-estate-teams-optimized-asset-marketability-with-ai-driven-data-analysis,20 Jun 2025 (04:23 UTC)
https://www.scoopanalytics.com/industry-case-studies/how-recruitment-teams-optimized-candidate-processing-with-ai-driven-data-analysis,20 Jun 2025 (04:23 UTC)
https://www.scoopanalytics.com/industry-case-studies/how-religious-teaching-teams-optimized-student-engagement-with-ai-driven-data-analysis,23 May 2025 (04:09 UTC)
https://www.scoopanalytics.com/industry-case-studies/how-research-study-teams-optimized-participant-consent-rates-with-ai-driven-data-analysis,20 Jun 2025 (04:23 UTC)
https://www.scoopanalytics.com/industry-case-studies/how-retail-analytics-teams-optimized-multidimensional-performance-with-ai-driven-data-analysis,23 May 2025 (04:09 UTC)
https://www.scoopanalytics.com/industry-case-studies/how-retail-and-e-commerce-teams-optimized-competitive-benchmarking-with-ai-driven-data-analysis,23 May 2025 (04:09 UTC)
https://www.scoopanalytics.com/industry-case-studies/how-retail-e-commerce-management-teams-optimized-ticket-resolution-with-ai-driven-data-analysis,13 Jun 2025 (04:22 UTC)
https://www.scoopanalytics.com/industry-case-studies/how-retail-ecommerce-teams-optimized-customer-segmentation-and-targeting-with-ai-driven-data-analysis,23 May 2025 (04:09 UTC)
https://www.scoopanalytics.com/industry-case-studies/how-retail-expansion-teams-optimized-market-penetration-with-ai-driven-data-analysis,23 May 2025 (04:09 UTC)
https://www.scoopanalytics.com/industry-case-studies/how-retail-project-management-teams-optimized-workflow-efficiency-with-ai-driven-data-analysis,23 May 2025 (04:09 UTC)
https://www.scoopanalytics.com/industry-case-studies/how-retail-recycling-teams-optimized-collection-efficiency-with-ai-driven-data-analysis,23 May 2025 (04:09 UTC)
https://www.scoopanalytics.com/industry-case-studies/how-saas-product-teams-optimized-user-onboarding-ux-with-ai-driven-data-analysis,13 Jun 2025 (04:22 UTC)
https://www.scoopanalytics.com/industry-case-studies/how-saas-sales-teams-optimized-pipeline-conversion-with-ai-driven-data-analysis,13 Jun 2025 (04:22 UTC)
https://www.scoopanalytics.com/industry-case-studies/how-sales-enablement-teams-optimized-crm-adoption-with-ai-driven-data-analysis,20 Jun 2025 (04:23 UTC)
https://www.scoopanalytics.com/industry-case-studies/how-security-operations-teams-optimized-staffing-and-labor-costs-with-ai-driven-data-analysis,20 Jun 2025 (04:23 UTC)
https://www.scoopanalytics.com/industry-case-studies/how-security-operations-teams-optimized-workforce-efficiency-with-ai-driven-data-analysis,20 Jun 2025 (04:23 UTC)
https://www.scoopanalytics.com/industry-case-studies/how-shared-services-teams-optimized-support-resource-allocation-with-ai-driven-data-analysis,20 Jun 2025 (04:23 UTC)
https://www.scoopanalytics.com/industry-case-studies/how-software-delivery-teams-optimized-ticket-backlog-reduction-with-ai-driven-data-analysis,20 Jun 2025 (04:23 UTC)
https://www.scoopanalytics.com/industry-case-studies/how-specialty-fashion-brands-optimized-product-positioning-and-revenue-growth-with-ai-driven-data-analysis,20 Jun 2025 (04:23 UTC)
https://www.scoopanalytics.com/industry-case-studies/how-specialty-product-manufacturers-optimized-supplier-payments-and-procurement-focus-with-ai-driven-data-analysis,23 May 2025 (04:09 UTC)
https://www.scoopanalytics.com/industry-case-studies/how-sports-analytics-teams-optimized-player-performance-insights-with-ai-driven-data-analysis,23 May 2025 (04:09 UTC)
https://www.scoopanalytics.com/industry-case-studies/how-subscription-platform-teams-optimized-member-monetization-with-ai-driven-data-analysis,13 Jun 2025 (04:22 UTC)
https://www.scoopanalytics.com/industry-case-studies/how-subscription-platform-teams-optimized-plan-segmentation-with-ai-driven-data-analysis,13 Jun 2025 (04:22 UTC)
https://www.scoopanalytics.com/industry-case-studies/how-sustainability-esg-teams-optimized-climate-risk-assessment-with-ai-driven-data-analysis,20 Jun 2025 (04:23 UTC)
https://www.scoopanalytics.com/industry-case-studies/how-sustainable-agriculture-teams-optimized-resource-allocation-with-ai-driven-data-analysis,23 May 2025 (04:09 UTC)
https://www.scoopanalytics.com/industry-case-studies/how-team-performance-leaders-optimized-goal-achievement-with-ai-driven-data-analysis,23 May 2025 (04:09 UTC)
https://www.scoopanalytics.com/industry-case-studies/how-telecom-tech-leadership-teams-optimized-executive-structure-analysis-with-ai-driven-data-analysis,13 Jun 2025 (04:22 UTC)
https://www.scoopanalytics.com/industry-case-studies/how-telecommunications-teams-optimized-customer-retention-with-ai-driven-data-analysis,20 Jun 2025 (04:23 UTC)
https://www.scoopanalytics.com/industry-case-studies/how-transactional-operations-teams-optimized-submission-timing-with-ai-driven-data-analysis,20 Jun 2025 (04:23 UTC)
https://www.scoopanalytics.com/industry-case-studies/how-wholesale-fuel-teams-optimized-pricing-strategy-with-ai-driven-data-analysis,23 May 2025 (04:09 UTC)
https://www.scoopanalytics.com/industry-case-studies/how-wine-producers-optimized-product-segmentation-with-ai-driven-data-analysis,23 May 2025 (04:09 UTC)
https://www.scoopanalytics.com/integrations/slack-video-library,24 Jul 2025 (20:13 UTC)
https://www.scoopanalytics.com/kpi-library/hubspot-all-deals,27 Jan 2026 (18:06 UTC)
https://www.scoopanalytics.com/kpi-library/hubspot-deals-created,27 Jan 2026 (18:06 UTC)
https://www.scoopanalytics.com/our-solutions/bi-and-analytics,23 Jan 2026 (21:17 UTC)
https://www.scoopanalytics.com/recipes/fractional-cxo-recipe,13 Jun 2025 (04:22 UTC)
https://www.scoopanalytics.com/the-inside-scoop/ai-and-the-future-of-b2b-marketing-with-elaine-zelby,10 Jan 2025 (02:06 UTC)
https://www.scoopanalytics.com/the-inside-scoop/ai-cybersecurity-and-community-building-with-beatriz-datangel,17 Jan 2025 (02:19 UTC)
https://www.scoopanalytics.com/the-inside-scoop/growth-with-ai-ashley-wilson-on-founding-momentum-and-marketing-evolution,24 Jan 2025 (02:07 UTC)
https://www.scoopanalytics.com/the-inside-scoop/innovating-gtm-kris-floyd-on-ai-startups-and-community-building,17 Jan 2025 (02:19 UTC)
https://www.scoopanalytics.com/the-inside-scoop/redefining-customer-success-jeremy-silver-on-ai-saas-evolution-and-driving-value,31 Jan 2025 (08:06 UTC)
https://www.scoopanalytics.com/the-inside-scoop/revolutionizing-sales-with-ai-nishit-asnani-on-founding-sybill-and-the-future-of-work,21 Feb 2025 (03:30 UTC)
https://www.scoopanalytics.com/the-inside-scoop/strategic-growth-in-tech-with-jared-barol,27 Dec 2024 (02:00 UTC)
