Page URL,Similar pages,Discovered
https://www.scoopanalytics.com/blog,https://www.scoopanalytics.com/blog?f73e57f1_page=47,23 Jan 2026 (18:57 UTC)
https://www.scoopanalytics.com/blog-category/best-practices,"https://www.scoopanalytics.com/blog-category/best-practices?f3548407_page=2, https://www.scoopanalytics.com/blog-category/best-practices?f3548407_page=6, https://www.scoopanalytics.com/blog-category/best-practices?f3548407_page=8, https://www.scoopanalytics.com/blog-category/best-practices?f3548407_page=18, https://www.scoopanalytics.com/blog-category/best-practices?f3548407_page=3, https://www.scoopanalytics.com/blog-category/best-practices?f3548407_page=5, https://www.scoopanalytics.com/blog-category/best-practices?f3548407_page=7, https://www.scoopanalytics.com/blog-category/best-practices?f3548407_page=9",23 Jan 2026 (18:57 UTC)
https://www.scoopanalytics.com/blog-category/best-practices?f3548407_page=14,https://www.scoopanalytics.com/blog-category/best-practices?f3548407_page=8,23 Jan 2026 (18:57 UTC)
https://www.scoopanalytics.com/blog-category/best-practices?f3548407_page=17,"https://www.scoopanalytics.com/blog-category/best-practices?f3548407_page=6, https://www.scoopanalytics.com/blog-category/best-practices?f3548407_page=8",23 Jan 2026 (18:57 UTC)
https://www.scoopanalytics.com/blog-category/best-practices?f3548407_page=18,"https://www.scoopanalytics.com/blog-category/best-practices, https://www.scoopanalytics.com/blog-category/best-practices?f3548407_page=3, https://www.scoopanalytics.com/blog-category/best-practices?f3548407_page=6, https://www.scoopanalytics.com/blog-category/best-practices?f3548407_page=8",23 Jan 2026 (18:57 UTC)
https://www.scoopanalytics.com/blog-category/best-practices?f3548407_page=2,"https://www.scoopanalytics.com/blog-category/best-practices, https://www.scoopanalytics.com/blog-category/best-practices?f3548407_page=3, https://www.scoopanalytics.com/blog-category/best-practices?f3548407_page=6, https://www.scoopanalytics.com/blog-category/best-practices?f3548407_page=8, https://www.scoopanalytics.com/blog-category/best-practices?f3548407_page=4, https://www.scoopanalytics.com/blog-category/best-practices?f3548407_page=5, https://www.scoopanalytics.com/blog-category/best-practices?f3548407_page=7, https://www.scoopanalytics.com/blog-category/best-practices?f3548407_page=9",23 Jan 2026 (18:57 UTC)
https://www.scoopanalytics.com/blog-category/best-practices?f3548407_page=3,"https://www.scoopanalytics.com/blog-category/best-practices?f3548407_page=2, https://www.scoopanalytics.com/blog-category/best-practices?f3548407_page=6, https://www.scoopanalytics.com/blog-category/best-practices?f3548407_page=8, https://www.scoopanalytics.com/blog-category/best-practices, https://www.scoopanalytics.com/blog-category/best-practices?f3548407_page=18, https://www.scoopanalytics.com/blog-category/best-practices?f3548407_page=4, https://www.scoopanalytics.com/blog-category/best-practices?f3548407_page=5, https://www.scoopanalytics.com/blog-category/best-practices?f3548407_page=7, https://www.scoopanalytics.com/blog-category/best-practices?f3548407_page=9",23 Jan 2026 (18:57 UTC)
https://www.scoopanalytics.com/blog-category/best-practices?f3548407_page=4,"https://www.scoopanalytics.com/blog-category/best-practices?f3548407_page=2, https://www.scoopanalytics.com/blog-category/best-practices?f3548407_page=3, https://www.scoopanalytics.com/blog-category/best-practices?f3548407_page=6, https://www.scoopanalytics.com/blog-category/best-practices?f3548407_page=8",23 Jan 2026 (18:57 UTC)
https://www.scoopanalytics.com/blog-category/best-practices?f3548407_page=5,"https://www.scoopanalytics.com/blog-category/best-practices?f3548407_page=6, https://www.scoopanalytics.com/blog-category/best-practices?f3548407_page=8, https://www.scoopanalytics.com/blog-category/best-practices, https://www.scoopanalytics.com/blog-category/best-practices?f3548407_page=2, https://www.scoopanalytics.com/blog-category/best-practices?f3548407_page=3",23 Jan 2026 (18:57 UTC)
https://www.scoopanalytics.com/blog-category/best-practices?f3548407_page=6,"https://www.scoopanalytics.com/blog-category/best-practices?f3548407_page=8, https://www.scoopanalytics.com/blog-category/best-practices, https://www.scoopanalytics.com/blog-category/best-practices?f3548407_page=2, https://www.scoopanalytics.com/blog-category/best-practices?f3548407_page=3, https://www.scoopanalytics.com/blog-category/best-practices?f3548407_page=5, https://www.scoopanalytics.com/blog-category/best-practices?f3548407_page=17, https://www.scoopanalytics.com/blog-category/best-practices?f3548407_page=18, https://www.scoopanalytics.com/blog-category/best-practices?f3548407_page=4, https://www.scoopanalytics.com/blog-category/best-practices?f3548407_page=7, https://www.scoopanalytics.com/blog-category/best-practices?f3548407_page=9",23 Jan 2026 (18:57 UTC)
https://www.scoopanalytics.com/blog-category/best-practices?f3548407_page=7,"https://www.scoopanalytics.com/blog-category/best-practices, https://www.scoopanalytics.com/blog-category/best-practices?f3548407_page=2, https://www.scoopanalytics.com/blog-category/best-practices?f3548407_page=3, https://www.scoopanalytics.com/blog-category/best-practices?f3548407_page=6, https://www.scoopanalytics.com/blog-category/best-practices?f3548407_page=8",23 Jan 2026 (18:57 UTC)
https://www.scoopanalytics.com/blog-category/best-practices?f3548407_page=8,"https://www.scoopanalytics.com/blog-category/best-practices?f3548407_page=6, https://www.scoopanalytics.com/blog-category/best-practices, https://www.scoopanalytics.com/blog-category/best-practices?f3548407_page=2, https://www.scoopanalytics.com/blog-category/best-practices?f3548407_page=3, https://www.scoopanalytics.com/blog-category/best-practices?f3548407_page=5, https://www.scoopanalytics.com/blog-category/best-practices?f3548407_page=14, https://www.scoopanalytics.com/blog-category/best-practices?f3548407_page=17, https://www.scoopanalytics.com/blog-category/best-practices?f3548407_page=18, https://www.scoopanalytics.com/blog-category/best-practices?f3548407_page=4, https://www.scoopanalytics.com/blog-category/best-practices?f3548407_page=7",23 Jan 2026 (18:57 UTC)
https://www.scoopanalytics.com/blog-category/best-practices?f3548407_page=9,"https://www.scoopanalytics.com/blog-category/best-practices, https://www.scoopanalytics.com/blog-category/best-practices?f3548407_page=2, https://www.scoopanalytics.com/blog-category/best-practices?f3548407_page=3, https://www.scoopanalytics.com/blog-category/best-practices?f3548407_page=6, https://www.scoopanalytics.com/blog-category/best-practices?f3548407_page=8",23 Jan 2026 (18:57 UTC)
https://www.scoopanalytics.com/blog-category/partnerships,https://www.scoopanalytics.com/blog-category/partnerships?f3548407_page=2,05 Sep 2025 (05:39 UTC)
https://www.scoopanalytics.com/blog-category/partnerships?f3548407_page=2,https://www.scoopanalytics.com/blog-category/partnerships,05 Sep 2025 (05:39 UTC)
https://www.scoopanalytics.com/blog?f73e57f1_page=11,https://www.scoopanalytics.com/blog?f73e57f1_page=47,23 Jan 2026 (18:57 UTC)
https://www.scoopanalytics.com/blog?f73e57f1_page=16,https://www.scoopanalytics.com/blog?f73e57f1_page=47,23 Jan 2026 (18:57 UTC)
https://www.scoopanalytics.com/blog?f73e57f1_page=17,https://www.scoopanalytics.com/blog?f73e57f1_page=47,23 Jan 2026 (18:57 UTC)
https://www.scoopanalytics.com/blog?f73e57f1_page=2,https://www.scoopanalytics.com/blog?f73e57f1_page=47,23 Jan 2026 (18:57 UTC)
https://www.scoopanalytics.com/blog?f73e57f1_page=21,https://www.scoopanalytics.com/blog?f73e57f1_page=47,23 Jan 2026 (18:57 UTC)
https://www.scoopanalytics.com/blog?f73e57f1_page=22,https://www.scoopanalytics.com/blog?f73e57f1_page=47,23 Jan 2026 (18:57 UTC)
https://www.scoopanalytics.com/blog?f73e57f1_page=24,https://www.scoopanalytics.com/blog?f73e57f1_page=47,23 Jan 2026 (18:57 UTC)
https://www.scoopanalytics.com/blog?f73e57f1_page=27,https://www.scoopanalytics.com/blog?f73e57f1_page=47,23 Jan 2026 (18:57 UTC)
https://www.scoopanalytics.com/blog?f73e57f1_page=28,https://www.scoopanalytics.com/blog?f73e57f1_page=47,23 Jan 2026 (18:57 UTC)
https://www.scoopanalytics.com/blog?f73e57f1_page=29,https://www.scoopanalytics.com/blog?f73e57f1_page=47,23 Jan 2026 (18:57 UTC)
https://www.scoopanalytics.com/blog?f73e57f1_page=3,https://www.scoopanalytics.com/blog?f73e57f1_page=47,23 Jan 2026 (18:57 UTC)
https://www.scoopanalytics.com/blog?f73e57f1_page=30,https://www.scoopanalytics.com/blog?f73e57f1_page=47,23 Jan 2026 (18:57 UTC)
https://www.scoopanalytics.com/blog?f73e57f1_page=31,https://www.scoopanalytics.com/blog?f73e57f1_page=47,23 Jan 2026 (18:57 UTC)
https://www.scoopanalytics.com/blog?f73e57f1_page=32,https://www.scoopanalytics.com/blog?f73e57f1_page=47,23 Jan 2026 (18:57 UTC)
https://www.scoopanalytics.com/blog?f73e57f1_page=34,https://www.scoopanalytics.com/blog?f73e57f1_page=47,23 Jan 2026 (18:57 UTC)
https://www.scoopanalytics.com/blog?f73e57f1_page=35,https://www.scoopanalytics.com/blog?f73e57f1_page=47,23 Jan 2026 (18:57 UTC)
https://www.scoopanalytics.com/blog?f73e57f1_page=36,https://www.scoopanalytics.com/blog?f73e57f1_page=47,23 Jan 2026 (18:57 UTC)
https://www.scoopanalytics.com/blog?f73e57f1_page=37,https://www.scoopanalytics.com/blog?f73e57f1_page=47,23 Jan 2026 (18:57 UTC)
https://www.scoopanalytics.com/blog?f73e57f1_page=38,https://www.scoopanalytics.com/blog?f73e57f1_page=47,23 Jan 2026 (18:57 UTC)
https://www.scoopanalytics.com/blog?f73e57f1_page=39,https://www.scoopanalytics.com/blog?f73e57f1_page=47,23 Jan 2026 (18:57 UTC)
https://www.scoopanalytics.com/blog?f73e57f1_page=4,https://www.scoopanalytics.com/blog?f73e57f1_page=47,23 Jan 2026 (18:57 UTC)
https://www.scoopanalytics.com/blog?f73e57f1_page=40,https://www.scoopanalytics.com/blog?f73e57f1_page=47,23 Jan 2026 (18:57 UTC)
https://www.scoopanalytics.com/blog?f73e57f1_page=41,https://www.scoopanalytics.com/blog?f73e57f1_page=47,23 Jan 2026 (18:57 UTC)
https://www.scoopanalytics.com/blog?f73e57f1_page=42,https://www.scoopanalytics.com/blog?f73e57f1_page=47,23 Jan 2026 (18:57 UTC)
https://www.scoopanalytics.com/blog?f73e57f1_page=43,https://www.scoopanalytics.com/blog?f73e57f1_page=47,23 Jan 2026 (18:57 UTC)
https://www.scoopanalytics.com/blog?f73e57f1_page=44,https://www.scoopanalytics.com/blog?f73e57f1_page=47,23 Jan 2026 (18:57 UTC)
https://www.scoopanalytics.com/blog?f73e57f1_page=45,https://www.scoopanalytics.com/blog?f73e57f1_page=47,23 Jan 2026 (18:57 UTC)
https://www.scoopanalytics.com/blog?f73e57f1_page=46,https://www.scoopanalytics.com/blog?f73e57f1_page=47,23 Jan 2026 (18:57 UTC)
https://www.scoopanalytics.com/blog?f73e57f1_page=47,"https://www.scoopanalytics.com/blog, https://www.scoopanalytics.com/blog?f73e57f1_page=3, https://www.scoopanalytics.com/blog?f73e57f1_page=41, https://www.scoopanalytics.com/blog?f73e57f1_page=43, https://www.scoopanalytics.com/blog?f73e57f1_page=44, https://www.scoopanalytics.com/blog?f73e57f1_page=45, https://www.scoopanalytics.com/blog?f73e57f1_page=46, https://www.scoopanalytics.com/blog?f73e57f1_page=6, https://www.scoopanalytics.com/blog?f73e57f1_page=8, https://www.scoopanalytics.com/blog?f73e57f1_page=2",23 Jan 2026 (18:57 UTC)
https://www.scoopanalytics.com/blog?f73e57f1_page=5,https://www.scoopanalytics.com/blog?f73e57f1_page=47,23 Jan 2026 (18:57 UTC)
https://www.scoopanalytics.com/blog?f73e57f1_page=6,https://www.scoopanalytics.com/blog?f73e57f1_page=47,23 Jan 2026 (18:57 UTC)
https://www.scoopanalytics.com/blog?f73e57f1_page=7,https://www.scoopanalytics.com/blog?f73e57f1_page=47,23 Jan 2026 (18:57 UTC)
https://www.scoopanalytics.com/blog?f73e57f1_page=8,https://www.scoopanalytics.com/blog?f73e57f1_page=47,23 Jan 2026 (18:57 UTC)
https://www.scoopanalytics.com/blog?f73e57f1_page=9,https://www.scoopanalytics.com/blog?f73e57f1_page=47,23 Jan 2026 (18:57 UTC)
