source,target
/product-analytics,/
/ApplicationEcosystem,/
/marketing,/
/calendly,/
/blog/scoop-analytics-recognized-as-one-of-revgeniuss-next-50-gtm-startups?__hstc=17958374.73bd3bee6fa385653ecd7c9674ba06f0.1731110400190.1731110400191.1731110400192.1&__hssc=17958374.1.1731110400193&__hsfp=1169088524,/blog
/ai-powered-data-analysis,/ai-data
/sales,/
/integrations,/data-sources
/san-francisco-gtm-events,/bay-area-gtm-events
/get-started,/
/lead-generation,/
/events,/bay-area-gtm-events-schedule
/recipes,/use-cases
/help,https://docs.scoopanalytics.com/
/home,/
/docs/datasets,/
/ai-data-source,/ai-powered-data-analysis
/getstarted,/
/qbdisconnect,/quickbooks-disconnect
/use-cases,/use-case
/finance,/
/video-gallery,/the-inside-scoop
/qrcode,/onepager
/faq,/product
/customer-success,/
/productoverview,/product
/resources/coefficient-vs-scoop,/comparison/coefficient
/solutions/customer-success-solution,/solutions/customer-success
/platform-copy2,/how-scoop-works
/ai-data-old,/ai-data
/customer-success-solution,/solutions/customer-success-solution
/platform,/how-scoop-works
/use-case/customer-data-platform,/recipes/customer-data-platform
/resources/top-10-spreadsheet-limitations-and-how-to-solve-them-guide,/deep-dives/top-8-hubspot-reporting-limitations-how-to-overcome-them
/solutions/marketing-analytics,/our-solutions/marketing
/solutions/bi-and-analytics,/our-solutions/bi-and-analytics
/solutions/marketing/marketing,/solutions/marketing
/solutions/revenue-ops,/our-solutions/revops
/landing-template-test,/use-case/customer-success
/productoveriew,/product
/onepager,/quick-reads/from-raw-data-to-ready-decks-instantly
/resources/top-8-hubspot-limitations-and-how-to-solve-them,/deep-dives/top-8-hubspot-reporting-limitations-how-to-overcome-them
/use-case/customer-success,/recipes/customer-success
/solutions/finance,/our-solutions/finance
/sales-ops-solution,/solutions/sales-ops-solution
/solutions/marketing-index,/solutions/marketing-main
/ai/ai-data-discovery,/ai/ai-data-analyst
/integration/salesforce-com,/data-sources
/integration/sprout-social,/data-sources
/docs/data-prep,/
/recipes/how-academic-publishing-teams-optimized-catalog-insights-with-ai-driven-data-analysis-d0a66,/industry-case-studies/how-academic-publishing-teams-optimized-catalog-insights-with-ai-driven-data-analysis-d0a66
/industry-case-studies/how-enterprise-service-industry-teams-optimized-ai-adoption-and-growth-strategy-with-ai-driven-data-analysis-df007,/use-case
/integration/close-com,/data-sources
/integration/microsoft-reporting-services-ssrs,/data-sources
/kpi-library/from-raw-data-to-ready-decks-instantly,/blog
/kpi-library/top-10-spreadsheet-limitations-how-to-solve-them,/blog
/recipes/how-academic-publishing-teams-optimized-catalog-insights-with-ai-driven-data-analysis,/industry-case-studies/how-academic-publishing-teams-optimized-catalog-insights-with-ai-driven-data-analysis
/data-sources/close-com,/data-sources/close-crm
/integration/multiple-listing-service-mls,/data-sources
/kpi-library/google-analytics-sessions-overview,/blog
/integration/airtable,/data-sources
/integration/netsuite,/data-sources
/marketingsolution,/solutions/marketingsolution
/solutions/agencies,/our-solutions/agencies
/why-scoop-2,/why-scoop
/ai-data-copy,/ai-data
/solutions/sales-ops-solution,/solutions/sales-ops
/industry-case-studies/how-shared-services-teams-optimized-support-resource-allocation-with-ai-driven-data-analysis-8fc33,/use-case
/integration/microsoft-dynamics-365,/data-sources
/integration/pipedrive,/data-sources
/integration/google-data-studio,/data-sources
/integration/hubspot,/data-sources
/kpi-library/top-8-hubspot-reporting-limitations-how-to-overcome-them,/blog
/industry-case-studies/how-sales-enablement-teams-optimized-crm-adoption-with-ai-driven-data-analysis-d7908,/use-case
/recipes/how-advanced-manufacturing-teams-optimized-production-uptime-with-ai-driven-data-analysis-f3ed9,/industry-case-studies/how-advanced-manufacturing-teams-optimized-production-uptime-with-ai-driven-data-analysis-f3ed9
/recipes/how-asset-management-teams-optimized-risk-allocation-with-ai-driven-data-analysis,/industry-case-studies/how-asset-management-teams-optimized-risk-allocation-with-ai-driven-data-analysis
/recipes/how-aviation-operations-teams-optimized-weather-readiness-with-ai-driven-data-analysis,/industry-case-studies/how-aviation-operations-teams-optimized-weather-readiness-with-ai-driven-data-analysis
/recipes/how-advanced-manufacturing-teams-optimized-downtime-reduction-with-ai-driven-data-analysis,/industry-case-studies/how-advanced-manufacturing-teams-optimized-downtime-reduction-with-ai-driven-data-analysis
/recipes/how-advanced-manufacturing-teams-optimized-production-uptime-with-ai-driven-data-analysis,/industry-case-studies/how-advanced-manufacturing-teams-optimized-production-uptime-with-ai-driven-data-analysis
/recipes/how-advanced-aerospace-teams-optimized-mission-success-and-cost-efficiency-with-ai-driven-data-analysis-696ec,/industry-case-studies/how-advanced-aerospace-teams-optimized-mission-success-and-cost-efficiency-with-ai-driven-data-analysis-696ec
/recipes/how-biotech-marketing-teams-optimized-event-roi-with-ai-driven-data-analysis,/industry-case-studies/how-biotech-marketing-teams-optimized-event-roi-with-ai-driven-data-analysis
/recipes/how-b2b-sales-marketing-teams-optimized-revenue-growth-with-ai-driven-data-analysis-274dc,/industry-case-studies/how-b2b-sales-marketing-teams-optimized-revenue-growth-with-ai-driven-data-analysis-274dc
/recipes/how-biotech-marketing-teams-optimized-event-roi-with-ai-driven-data-analysis-2f7ca,/industry-case-studies/how-biotech-marketing-teams-optimized-event-roi-with-ai-driven-data-analysis-2f7ca
/recipes/how-b2b-financial-operations-teams-optimized-revenue-concentration-with-ai-driven-data-analysis,/industry-case-studies/how-b2b-financial-operations-teams-optimized-revenue-concentration-with-ai-driven-data-analysis
/recipes/how-cybersecurity-teams-optimized-global-security-readiness-with-ai-driven-data-analysis-225ee,/industry-case-studies/how-cybersecurity-teams-optimized-global-security-readiness-with-ai-driven-data-analysis-225ee
/recipes/how-digital-advertising-teams-optimized-campaign-efficiency-with-ai-driven-data-analysis,/industry-case-studies/how-digital-advertising-teams-optimized-campaign-efficiency-with-ai-driven-data-analysis
/recipes/how-consulting-professional-services-teams-optimized-financial-clarity-with-ai-driven-data-analysis,/industry-case-studies/how-consulting-professional-services-teams-optimized-financial-clarity-with-ai-driven-data-analysis
/recipes/how-b2b-tech-teams-optimized-sales-growth-and-customer-acquisition-with-ai-driven-data-analysis,/industry-case-studies/how-b2b-tech-teams-optimized-sales-growth-and-customer-acquisition-with-ai-driven-data-analysis
/recipes/how-cybersecurity-teams-optimized-global-security-readiness-with-ai-driven-data-analysis,/industry-case-studies/how-cybersecurity-teams-optimized-global-security-readiness-with-ai-driven-data-analysis
/integration/jira,/data-sources
/recipes/how-agile-software-teams-optimized-issue-management-backlogs-with-ai-driven-data-analysis,/industry-case-studies/how-agile-software-teams-optimized-issue-management-backlogs-with-ai-driven-data-analysis
/recipes/how-advanced-manufacturing-teams-optimized-downtime-reduction-with-ai-driven-data-analysis-5ca1c,/industry-case-studies/how-advanced-manufacturing-teams-optimized-downtime-reduction-with-ai-driven-data-analysis-5ca1c
/industry-case-studies/how-sustainability-esg-teams-optimized-climate-risk-assessment-with-ai-driven-data-analysis-5c068,/use-case
/nnn-ev,/
/integration/marketo,/data-sources
/integration/meta-facebook-analytics,/data-sources
/integration/salesloft,/data-sources
/docs/ip-allowlist,/
/instant-recipes/hub,/instant-recipes
/integration/yardi,/data-sources
/reb2b.js.gz,/
/integration/apollo-io,/data-sources
/recipes/how-advanced-aerospace-teams-optimized-mission-success-and-cost-efficiency-with-ai-driven-data-analysis,/industry-case-studies/how-advanced-aerospace-teams-optimized-mission-success-and-cost-efficiency-with-ai-driven-data-analysis
/recipes/how-agile-software-teams-optimized-issue-management-backlogs-with-ai-driven-data-analysis-4fd41,/industry-case-studies/how-agile-software-teams-optimized-issue-management-backlogs-with-ai-driven-data-analysis-4fd41
/recipes/how-aquaculture-science-teams-optimized-survival-rate-prediction-with-ai-driven-data-analysis,/industry-case-studies/how-aquaculture-science-teams-optimized-survival-rate-prediction-with-ai-driven-data-analysis
/integration/oracle-bi,/data-sources
/recipes/how-e-commerce-retail-teams-optimized-laptop-sales-strategy-with-ai-driven-data-analysis,/industry-case-studies/how-e-commerce-retail-teams-optimized-laptop-sales-strategy-with-ai-driven-data-analysis
/recipes/how-ecommerce-retail-teams-optimized-geographic-market-focus-with-ai-driven-data-analysis-39dee,/industry-case-studies/how-ecommerce-retail-teams-optimized-geographic-market-focus-with-ai-driven-data-analysis-39dee
/recipes/how-ecommerce-retail-teams-optimized-operational-efficiency-with-ai-driven-data-analysis-4b63b,/industry-case-studies/how-ecommerce-retail-teams-optimized-operational-efficiency-with-ai-driven-data-analysis-4b63b
/recipes/how-edtech-teams-optimized-tutoring-effectiveness-with-ai-driven-data-analysis,/industry-case-studies/how-edtech-teams-optimized-tutoring-effectiveness-with-ai-driven-data-analysis
/recipes/how-energy-management-teams-optimized-electricity-usage-with-ai-driven-data-analysis,/industry-case-studies/how-energy-management-teams-optimized-electricity-usage-with-ai-driven-data-analysis
/recipes/how-energy-management-teams-optimized-electricity-usage-with-ai-driven-data-analysis-7c68e,/industry-case-studies/how-energy-management-teams-optimized-electricity-usage-with-ai-driven-data-analysis-7c68e
/recipes/how-ecommerce-electronics-teams-optimized-revenue-insights-with-ai-driven-data-analysis,/industry-case-studies/how-ecommerce-electronics-teams-optimized-revenue-insights-with-ai-driven-data-analysis
/recipes/how-ecommerce-teams-optimized-distribution-strategy-and-revenue-with-ai-driven-data-analysis,/industry-case-studies/how-ecommerce-teams-optimized-distribution-strategy-and-revenue-with-ai-driven-data-analysis
/recipes/how-ecommerce-tech-retail-teams-optimized-category-growth-with-ai-driven-data-analysis,/industry-case-studies/how-ecommerce-tech-retail-teams-optimized-category-growth-with-ai-driven-data-analysis
/recipes/how-digital-marketing-teams-optimized-campaign-roi-with-ai-driven-data-analysis,/industry-case-studies/how-digital-marketing-teams-optimized-campaign-roi-with-ai-driven-data-analysis
/recipes/how-ecommerce-retail-teams-optimized-operational-efficiency-with-ai-driven-data-analysis,/industry-case-studies/how-ecommerce-retail-teams-optimized-operational-efficiency-with-ai-driven-data-analysis
/recipes/how-digital-content-platforms-optimized-content-architecture-with-ai-driven-data-analysis,/industry-case-studies/how-digital-content-platforms-optimized-content-architecture-with-ai-driven-data-analysis
/recipes/how-digital-marketing-teams-optimized-revenue-generation-with-ai-driven-data-analysis-b1e77,/industry-case-studies/how-digital-marketing-teams-optimized-revenue-generation-with-ai-driven-data-analysis-b1e77
/recipes/how-digital-marketing-teams-optimized-campaign-roi-with-ai-driven-data-analysis-088ad,/industry-case-studies/how-digital-marketing-teams-optimized-campaign-roi-with-ai-driven-data-analysis-088ad
/recipes/how-facilities-management-teams-optimized-security-risk-mitigation-with-ai-driven-data-analysis-df1e8,/industry-case-studies/how-facilities-management-teams-optimized-security-risk-mitigation-with-ai-driven-data-analysis-df1e8
/recipes/how-ecommerce-electronics-teams-optimized-revenue-growth-with-ai-driven-data-analysis,/industry-case-studies/how-ecommerce-electronics-teams-optimized-revenue-growth-with-ai-driven-data-analysis
/recipes/how-ecommerce-retail-teams-optimized-geographic-market-focus-with-ai-driven-data-analysis,/industry-case-studies/how-ecommerce-retail-teams-optimized-geographic-market-focus-with-ai-driven-data-analysis
/recipes/how-b2b-sales-teams-optimized-opportunity-pipeline-health-with-ai-driven-data-analysis-e8799,/industry-case-studies/how-b2b-sales-teams-optimized-opportunity-pipeline-health-with-ai-driven-data-analysis-e8799
/recipes/how-behavioral-science-teams-optimized-player-engagement-insights-with-ai-driven-data-analysis-6df4e,/industry-case-studies/how-behavioral-science-teams-optimized-player-engagement-insights-with-ai-driven-data-analysis-6df4e
/recipes/how-aviation-operations-teams-optimized-weather-readiness-with-ai-driven-data-analysis-d460a,/industry-case-studies/how-aviation-operations-teams-optimized-weather-readiness-with-ai-driven-data-analysis-d460a
/recipes/how-b2b-saas-teams-optimized-customer-satisfaction-with-ai-driven-data-analysis,/industry-case-studies/how-b2b-saas-teams-optimized-customer-satisfaction-with-ai-driven-data-analysis
/recipes/how-b2b-saas-revenue-operations-teams-optimized-account-growth-and-retention-with-ai-driven-data-analysis,/industry-case-studies/how-b2b-saas-revenue-operations-teams-optimized-account-growth-and-retention-with-ai-driven-data-analysis
/recipes/how-climate-policy-teams-optimized-public-sentiment-analysis-with-ai-driven-data-analysis,/industry-case-studies/how-climate-policy-teams-optimized-public-sentiment-analysis-with-ai-driven-data-analysis
/recipes/how-climate-policy-teams-optimized-public-sentiment-analysis-with-ai-driven-data-analysis-e9330,/industry-case-studies/how-climate-policy-teams-optimized-public-sentiment-analysis-with-ai-driven-data-analysis-e9330
/recipes/how-b2b-sales-marketing-teams-optimized-revenue-growth-with-ai-driven-data-analysis,/industry-case-studies/how-b2b-sales-marketing-teams-optimized-revenue-growth-with-ai-driven-data-analysis
/recipes/how-b2b-sales-teams-optimized-opportunity-pipeline-health-with-ai-driven-data-analysis,/industry-case-studies/how-b2b-sales-teams-optimized-opportunity-pipeline-health-with-ai-driven-data-analysis
/recipes/how-b2b-sales-teams-optimized-client-engagement-efficiency-with-ai-driven-data-analysis,/industry-case-studies/how-b2b-sales-teams-optimized-client-engagement-efficiency-with-ai-driven-data-analysis
/recipes/how-behavioral-science-teams-optimized-player-engagement-insights-with-ai-driven-data-analysis,/industry-case-studies/how-behavioral-science-teams-optimized-player-engagement-insights-with-ai-driven-data-analysis
/recipes/how-construction-trade-media-teams-optimized-subscriber-engagement-with-ai-driven-data-analysis,/industry-case-studies/how-construction-trade-media-teams-optimized-subscriber-engagement-with-ai-driven-data-analysis
/recipes/how-consulting-professional-services-teams-optimized-financial-clarity-with-ai-driven-data-analysis-74653,/industry-case-studies/how-consulting-professional-services-teams-optimized-financial-clarity-with-ai-driven-data-analysis-74653
/recipes/how-faith-based-education-teams-optimized-youth-engagement-with-ai-driven-data-analysis,/industry-case-studies/how-faith-based-education-teams-optimized-youth-engagement-with-ai-driven-data-analysis
/recipes/how-diagnostic-device-teams-optimized-product-portfolio-insights-with-ai-driven-data-analysis,/industry-case-studies/how-diagnostic-device-teams-optimized-product-portfolio-insights-with-ai-driven-data-analysis
/recipes/how-financial-analytics-teams-optimized-interest-rate-risk-monitoring-with-ai-driven-data-analysis,/industry-case-studies/how-financial-analytics-teams-optimized-interest-rate-risk-monitoring-with-ai-driven-data-analysis
/recipes/how-ecommerce-retail-teams-optimized-laptop-sales-strategy-with-ai-driven-data-analysis,/industry-case-studies/how-ecommerce-retail-teams-optimized-laptop-sales-strategy-with-ai-driven-data-analysis
/recipes/how-financial-analytics-teams-optimized-yield-risk-analysis-with-ai-driven-data-analysis-ca55f,/industry-case-studies/how-financial-analytics-teams-optimized-yield-risk-analysis-with-ai-driven-data-analysis-ca55f
/recipes/how-faith-based-nonprofits-optimized-donation-performance-with-ai-driven-data-analysis-34a7f,/industry-case-studies/how-faith-based-nonprofits-optimized-donation-performance-with-ai-driven-data-analysis-34a7f
/recipes/how-financial-analytics-teams-optimized-yield-risk-analysis-with-ai-driven-data-analysis,/industry-case-studies/how-financial-analytics-teams-optimized-yield-risk-analysis-with-ai-driven-data-analysis
/recipes/how-faith-based-education-teams-optimized-youth-engagement-with-ai-driven-data-analysis-7d510,/industry-case-studies/how-faith-based-education-teams-optimized-youth-engagement-with-ai-driven-data-analysis-7d510
/recipes/how-faith-based-nonprofits-optimized-donation-performance-with-ai-driven-data-analysis,/industry-case-studies/how-faith-based-nonprofits-optimized-donation-performance-with-ai-driven-data-analysis
/recipes/how-financial-analytics-teams-optimized-interest-rate-risk-monitoring-with-ai-driven-data-analysis-e0ca7,/industry-case-studies/how-financial-analytics-teams-optimized-interest-rate-risk-monitoring-with-ai-driven-data-analysis-e0ca7
/recipes/how-financial-services-teams-optimized-interest-rate-risk-insights-with-ai-driven-data-analysis-ebe64,/industry-case-studies/how-financial-services-teams-optimized-interest-rate-risk-insights-with-ai-driven-data-analysis-ebe64
/recipes/how-financial-operations-teams-optimized-revenue-pattern-discovery-with-ai-driven-data-analysis-b5682,/industry-case-studies/how-financial-operations-teams-optimized-revenue-pattern-discovery-with-ai-driven-data-analysis-b5682
/recipes/how-financial-services-teams-optimized-compliance-and-operational-quality-with-ai-driven-data-analysis-e424f,/industry-case-studies/how-financial-services-teams-optimized-compliance-and-operational-quality-with-ai-driven-data-analysis-e424f
/recipes/how-financial-services-teams-optimized-revenue-growth-consistency-with-ai-driven-data-analysis,/industry-case-studies/how-financial-services-teams-optimized-revenue-growth-consistency-with-ai-driven-data-analysis
/recipes/how-healthcare-ops-teams-optimized-patient-outcomes-and-revenue-with-ai-driven-data-analysis,/industry-case-studies/how-healthcare-ops-teams-optimized-patient-outcomes-and-revenue-with-ai-driven-data-analysis
/recipes/how-financial-tech-teams-optimized-cybersecurity-posture-with-ai-driven-data-analysis,/industry-case-studies/how-financial-tech-teams-optimized-cybersecurity-posture-with-ai-driven-data-analysis
/recipes/how-infrastructure-operations-teams-optimized-project-efficiency-and-risk-management-with-ai-driven-data-analysis,/industry-case-studies/how-infrastructure-operations-teams-optimized-project-efficiency-and-risk-management-with-ai-driven-data-analysis
/recipes/how-enterprise-service-industry-teams-optimized-ai-adoption-and-growth-strategy-with-ai-driven-data-analysis-df007,/industry-case-studies/how-enterprise-service-industry-teams-optimized-ai-adoption-and-growth-strategy-with-ai-driven-data-analysis-df007
/recipes/how-elite-sports-analytics-teams-optimized-on-court-strategy-with-ai-driven-data-analysis,/industry-case-studies/how-elite-sports-analytics-teams-optimized-on-court-strategy-with-ai-driven-data-analysis
/recipes/how-edtech-teams-optimized-tutoring-effectiveness-with-ai-driven-data-analysis-2df9e,/industry-case-studies/how-edtech-teams-optimized-tutoring-effectiveness-with-ai-driven-data-analysis-2df9e
/recipes/how-electronic-engineering-teams-optimized-circuit-analysis-with-ai-driven-data-analysis,/industry-case-studies/how-electronic-engineering-teams-optimized-circuit-analysis-with-ai-driven-data-analysis
/recipes/how-facilities-management-teams-optimized-security-risk-mitigation-with-ai-driven-data-analysis,/industry-case-studies/how-facilities-management-teams-optimized-security-risk-mitigation-with-ai-driven-data-analysis
/recipes/how-ecommerce-retail-teams-optimized-revenue-growth-and-product-mix-with-ai-driven-data-analysis,/industry-case-studies/how-ecommerce-retail-teams-optimized-revenue-growth-and-product-mix-with-ai-driven-data-analysis
/recipes/how-digital-media-agencies-optimized-revenue-forecasting-with-ai-driven-data-analysis,/industry-case-studies/how-digital-media-agencies-optimized-revenue-forecasting-with-ai-driven-data-analysis
/recipes/how-ecommerce-electronics-teams-optimized-product-sales-and-pricing-strategies-with-ai-driven-data-analysis,/industry-case-studies/how-ecommerce-electronics-teams-optimized-product-sales-and-pricing-strategies-with-ai-driven-data-analysis
/recipes/how-digital-media-agencies-optimized-revenue-forecasting-with-ai-driven-data-analysis-e22ae,/industry-case-studies/how-digital-media-agencies-optimized-revenue-forecasting-with-ai-driven-data-analysis-e22ae
/recipes/how-ecommerce-retail-teams-optimized-seasonal-sales-cycles-with-ai-driven-data-analysis,/industry-case-studies/how-ecommerce-retail-teams-optimized-seasonal-sales-cycles-with-ai-driven-data-analysis
/recipes/how-ecommerce-retail-teams-optimized-revenue-growth-with-ai-driven-data-analysis,/industry-case-studies/how-ecommerce-retail-teams-optimized-revenue-growth-with-ai-driven-data-analysis
/recipes/how-enterprise-service-industry-teams-optimized-ai-adoption-and-growth-strategy-with-ai-driven-data-analysis,/industry-case-studies/how-enterprise-service-industry-teams-optimized-ai-adoption-and-growth-strategy-with-ai-driven-data-analysis
/recipes/how-digital-marketing-teams-optimized-revenue-generation-with-ai-driven-data-analysis,/industry-case-studies/how-digital-marketing-teams-optimized-revenue-generation-with-ai-driven-data-analysis
/recipes/how-digital-strategy-teams-optimized-global-web-insights-with-ai-driven-data-analysis,/industry-case-studies/how-digital-strategy-teams-optimized-global-web-insights-with-ai-driven-data-analysis
/recipes/how-ecommerce-retail-teams-optimized-customer-satisfaction-with-ai-driven-data-analysis,/industry-case-studies/how-ecommerce-retail-teams-optimized-customer-satisfaction-with-ai-driven-data-analysis
/recipes/how-healthcare-provider-teams-optimized-patient-engagement-and-revenue-with-ai-driven-data-analysis,/industry-case-studies/how-healthcare-provider-teams-optimized-patient-engagement-and-revenue-with-ai-driven-data-analysis
/recipes/how-hr-analytics-teams-optimized-workforce-demographic-insights-with-ai-driven-data-analysis,/industry-case-studies/how-hr-analytics-teams-optimized-workforce-demographic-insights-with-ai-driven-data-analysis
/recipes/how-hotel-revenue-teams-optimized-occupancy-and-pricing-with-ai-driven-data-analysis,/industry-case-studies/how-hotel-revenue-teams-optimized-occupancy-and-pricing-with-ai-driven-data-analysis
/recipes/how-financial-services-teams-optimized-institutional-lending-strategies-with-ai-driven-data-analysis,/industry-case-studies/how-financial-services-teams-optimized-institutional-lending-strategies-with-ai-driven-data-analysis
/recipes/how-financial-services-teams-optimized-rate-risk-intelligence-with-ai-driven-data-analysis,/industry-case-studies/how-financial-services-teams-optimized-rate-risk-intelligence-with-ai-driven-data-analysis
/recipes/how-healthcare-teams-optimized-provider-wellness-and-patient-communication-with-ai-driven-data-analysis,/industry-case-studies/how-healthcare-teams-optimized-provider-wellness-and-patient-communication-with-ai-driven-data-analysis
/recipes/how-healthcare-operations-teams-optimized-adhd-medication-outcomes-with-ai-driven-data-analysis,/industry-case-studies/how-healthcare-operations-teams-optimized-adhd-medication-outcomes-with-ai-driven-data-analysis
/recipes/how-healthcare-operations-teams-optimized-patient-safety-with-ai-driven-data-analysis,/industry-case-studies/how-healthcare-operations-teams-optimized-patient-safety-with-ai-driven-data-analysis
/recipes/how-k-12-education-teams-optimized-student-wellbeing-insights-with-ai-driven-data-analysis,/industry-case-studies/how-k-12-education-teams-optimized-student-wellbeing-insights-with-ai-driven-data-analysis
/recipes/how-labor-analytics-teams-optimized-workforce-well-being-insights-with-ai-driven-data-analysis,/industry-case-studies/how-labor-analytics-teams-optimized-workforce-well-being-insights-with-ai-driven-data-analysis
/recipes/how-luxury-auto-service-teams-optimized-new-vehicle-protection-with-ai-driven-data-analysis,/industry-case-studies/how-luxury-auto-service-teams-optimized-new-vehicle-protection-with-ai-driven-data-analysis
/recipes/how-marketing-teams-optimized-client-engagement-efficiency-with-ai-driven-data-analysis,/industry-case-studies/how-marketing-teams-optimized-client-engagement-efficiency-with-ai-driven-data-analysis
/recipes/how-professional-services-teams-optimized-lead-conversion-and-marketing-spend-with-ai-driven-data-analysis,/industry-case-studies/how-professional-services-teams-optimized-lead-conversion-and-marketing-spend-with-ai-driven-data-analysis
/recipes/how-licensing-operations-teams-optimized-license-portfolio-management-with-ai-driven-data-analysis,/industry-case-studies/how-licensing-operations-teams-optimized-license-portfolio-management-with-ai-driven-data-analysis
/recipes/how-music-streaming-teams-optimized-user-engagement-with-ai-driven-data-analysis,/industry-case-studies/how-music-streaming-teams-optimized-user-engagement-with-ai-driven-data-analysis
/recipes/how-healthcare-ops-teams-optimized-patient-outcomes-and-revenue-with-ai-driven-data-analysis-bd1ca,/industry-case-studies/how-healthcare-ops-teams-optimized-patient-outcomes-and-revenue-with-ai-driven-data-analysis-bd1ca
/recipes/how-financial-services-teams-optimized-rate-risk-intelligence-with-ai-driven-data-analysis-b3e61,/industry-case-studies/how-financial-services-teams-optimized-rate-risk-intelligence-with-ai-driven-data-analysis-b3e61
/recipes/how-financial-services-teams-optimized-institutional-lending-strategies-with-ai-driven-data-analysis-479d0,/industry-case-studies/how-financial-services-teams-optimized-institutional-lending-strategies-with-ai-driven-data-analysis-479d0
/recipes/how-healthcare-provider-teams-optimized-patient-engagement-and-revenue-with-ai-driven-data-analysis-77960,/industry-case-studies/how-healthcare-provider-teams-optimized-patient-engagement-and-revenue-with-ai-driven-data-analysis-77960
/recipes/how-financial-operations-teams-optimized-revenue-pattern-discovery-with-ai-driven-data-analysis,/industry-case-studies/how-financial-operations-teams-optimized-revenue-pattern-discovery-with-ai-driven-data-analysis
/recipes/how-home-fragrance-inventory-teams-optimized-warehouse-efficiency-and-stock-risk-with-ai-driven-data-analysis,/industry-case-studies/how-home-fragrance-inventory-teams-optimized-warehouse-efficiency-and-stock-risk-with-ai-driven-data-analysis
/recipes/how-information-services-teams-optimized-data-quality-management-with-ai-driven-data-analysis,/industry-case-studies/how-information-services-teams-optimized-data-quality-management-with-ai-driven-data-analysis
/recipes/how-healthcare-consulting-teams-optimized-revenue-recognition-with-ai-driven-data-analysis,/industry-case-studies/how-healthcare-consulting-teams-optimized-revenue-recognition-with-ai-driven-data-analysis
/recipes/how-influencer-marketing-teams-optimized-campaign-execution-with-ai-driven-data-analysis-86c6d,/industry-case-studies/how-influencer-marketing-teams-optimized-campaign-execution-with-ai-driven-data-analysis-86c6d
/recipes/how-healthcare-manufacturing-teams-optimized-performance-and-costs-with-ai-driven-data-analysis-6b74a,/industry-case-studies/how-healthcare-manufacturing-teams-optimized-performance-and-costs-with-ai-driven-data-analysis-6b74a
/recipes/how-financial-services-teams-optimized-compliance-and-operational-quality-with-ai-driven-data-analysis,/industry-case-studies/how-financial-services-teams-optimized-compliance-and-operational-quality-with-ai-driven-data-analysis
/recipes/how-healthcare-manufacturing-teams-optimized-performance-and-costs-with-ai-driven-data-analysis,/industry-case-studies/how-healthcare-manufacturing-teams-optimized-performance-and-costs-with-ai-driven-data-analysis
/recipes/how-hr-change-management-teams-optimized-employee-engagement-with-ai-driven-data-analysis,/industry-case-studies/how-hr-change-management-teams-optimized-employee-engagement-with-ai-driven-data-analysis
/recipes/how-influencer-marketing-teams-optimized-campaign-execution-with-ai-driven-data-analysis,/industry-case-studies/how-influencer-marketing-teams-optimized-campaign-execution-with-ai-driven-data-analysis
/recipes/how-financial-services-teams-optimized-interest-rate-risk-insights-with-ai-driven-data-analysis,/industry-case-studies/how-financial-services-teams-optimized-interest-rate-risk-insights-with-ai-driven-data-analysis
/recipes/how-infrastructure-operations-teams-optimized-project-efficiency-and-risk-management-with-ai-driven-data-analysis-c3988,/industry-case-studies/how-infrastructure-operations-teams-optimized-project-efficiency-and-risk-management-with-ai-driven-data-analysis-c3988
/recipes/how-privacy-compliance-teams-optimized-personal-data-protection-with-ai-driven-data-analysis,/industry-case-studies/how-privacy-compliance-teams-optimized-personal-data-protection-with-ai-driven-data-analysis
/recipes/how-marketing-teams-optimized-roi-tracking-with-ai-driven-data-analysis,/industry-case-studies/how-marketing-teams-optimized-roi-tracking-with-ai-driven-data-analysis
/recipes/how-it-shared-services-teams-optimized-billing-transparency-and-resource-utilization-with-ai-driven-data-analysis-04bde,/industry-case-studies/how-it-shared-services-teams-optimized-billing-transparency-and-resource-utilization-with-ai-driven-data-analysis-04bde
/recipes/how-it-service-support-teams-optimized-service-workflow-efficiency-with-ai-driven-data-analysis,/industry-case-studies/how-it-service-support-teams-optimized-service-workflow-efficiency-with-ai-driven-data-analysis
/recipes/how-professional-networks-optimized-mentorship-engagement-with-ai-driven-data-analysis-c8288,/industry-case-studies/how-professional-networks-optimized-mentorship-engagement-with-ai-driven-data-analysis-c8288
/recipes/how-marketing-teams-optimized-roi-tracking-with-ai-driven-data-analysis-d835f,/industry-case-studies/how-marketing-teams-optimized-roi-tracking-with-ai-driven-data-analysis-d835f
/recipes/how-local-services-teams-optimized-directory-data-quality-with-ai-driven-data-analysis,/industry-case-studies/how-local-services-teams-optimized-directory-data-quality-with-ai-driven-data-analysis
/recipes/how-labor-analytics-teams-optimized-workforce-well-being-insights-with-ai-driven-data-analysis-cb5d1,/industry-case-studies/how-labor-analytics-teams-optimized-workforce-well-being-insights-with-ai-driven-data-analysis-cb5d1
/recipes/how-nonprofit-technology-sales-teams-optimized-opportunity-win-rates-with-ai-driven-data-analysis,/industry-case-studies/how-nonprofit-technology-sales-teams-optimized-opportunity-win-rates-with-ai-driven-data-analysis
/recipes/how-media-production-teams-optimized-vendor-procurement-with-ai-driven-data-analysis-dc64d,/industry-case-studies/how-media-production-teams-optimized-vendor-procurement-with-ai-driven-data-analysis-dc64d
/recipes/how-insurance-portfolio-teams-optimized-product-personalization-and-risk-insights-with-ai-driven-data-analysis,/industry-case-studies/how-insurance-portfolio-teams-optimized-product-personalization-and-risk-insights-with-ai-driven-data-analysis
/recipes/how-police-department-leadership-teams-optimized-workforce-allocation-with-ai-driven-data-analysis,/industry-case-studies/how-police-department-leadership-teams-optimized-workforce-allocation-with-ai-driven-data-analysis
/recipes/how-media-entertainment-teams-optimized-content-pipeline-readiness-with-ai-driven-data-analysis,/industry-case-studies/how-media-entertainment-teams-optimized-content-pipeline-readiness-with-ai-driven-data-analysis
/recipes/how-it-shared-services-teams-optimized-billing-transparency-and-resource-utilization-with-ai-driven-data-analysis,/industry-case-studies/how-it-shared-services-teams-optimized-billing-transparency-and-resource-utilization-with-ai-driven-data-analysis
/recipes/how-modern-marketing-teams-optimized-channel-efficiency-with-ai-driven-data-analysis,/industry-case-studies/how-modern-marketing-teams-optimized-channel-efficiency-with-ai-driven-data-analysis
/recipes/how-live-event-ticketing-teams-optimized-revenue-strategy-with-ai-driven-data-analysis,/industry-case-studies/how-live-event-ticketing-teams-optimized-revenue-strategy-with-ai-driven-data-analysis
/recipes/how-professional-networks-optimized-mentorship-engagement-with-ai-driven-data-analysis,/industry-case-studies/how-professional-networks-optimized-mentorship-engagement-with-ai-driven-data-analysis
/recipes/how-media-production-teams-optimized-vendor-procurement-with-ai-driven-data-analysis,/industry-case-studies/how-media-production-teams-optimized-vendor-procurement-with-ai-driven-data-analysis
/recipes/how-office-supply-distributors-optimized-profitability-with-ai-driven-data-analysis,/industry-case-studies/how-office-supply-distributors-optimized-profitability-with-ai-driven-data-analysis
/recipes/how-office-supply-distributors-optimized-profitability-with-ai-driven-data-analysis-5aad1,/industry-case-studies/how-office-supply-distributors-optimized-profitability-with-ai-driven-data-analysis-5aad1
/recipes/how-professional-services-teams-optimized-lead-conversion-and-marketing-spend-with-ai-driven-data-analysis-ec4be,/industry-case-studies/how-professional-services-teams-optimized-lead-conversion-and-marketing-spend-with-ai-driven-data-analysis-ec4be
/recipes/how-professional-services-teams-optimized-revenue-stability-with-ai-driven-data-analysis,/industry-case-studies/how-professional-services-teams-optimized-revenue-stability-with-ai-driven-data-analysis
/recipes/how-leadership-teams-optimized-organizational-satisfaction-with-ai-driven-data-analysis,/industry-case-studies/how-leadership-teams-optimized-organizational-satisfaction-with-ai-driven-data-analysis
/recipes/how-multichannel-marketing-teams-optimized-funnel-conversion-with-ai-driven-data-analysis,/industry-case-studies/how-multichannel-marketing-teams-optimized-funnel-conversion-with-ai-driven-data-analysis
/recipes/how-property-management-teams-optimized-expense-tracking-with-ai-driven-data-analysis,/industry-case-studies/how-property-management-teams-optimized-expense-tracking-with-ai-driven-data-analysis
/recipes/how-retail-e-commerce-management-teams-optimized-ticket-resolution-with-ai-driven-data-analysis,/industry-case-studies/how-retail-e-commerce-management-teams-optimized-ticket-resolution-with-ai-driven-data-analysis
/recipes/how-saas-sales-teams-optimized-pipeline-conversion-with-ai-driven-data-analysis,/industry-case-studies/how-saas-sales-teams-optimized-pipeline-conversion-with-ai-driven-data-analysis
/recipes/how-professional-services-teams-optimized-task-completion-efficiency-with-ai-driven-data-analysis,/industry-case-studies/how-professional-services-teams-optimized-task-completion-efficiency-with-ai-driven-data-analysis
/recipes/how-retail-and-e-commerce-teams-optimized-competitive-benchmarking-with-ai-driven-data-analysis,/industry-case-studies/how-retail-and-e-commerce-teams-optimized-competitive-benchmarking-with-ai-driven-data-analysis
/recipes/how-real-estate-teams-optimized-asset-marketability-with-ai-driven-data-analysis,/industry-case-studies/how-real-estate-teams-optimized-asset-marketability-with-ai-driven-data-analysis
/recipes/how-retail-analytics-teams-optimized-multidimensional-performance-with-ai-driven-data-analysis,/industry-case-studies/how-retail-analytics-teams-optimized-multidimensional-performance-with-ai-driven-data-analysis
/recipes/how-security-operations-teams-optimized-staffing-and-labor-costs-with-ai-driven-data-analysis,/industry-case-studies/how-security-operations-teams-optimized-staffing-and-labor-costs-with-ai-driven-data-analysis
/recipes/how-property-management-teams-optimized-expense-tracking-with-ai-driven-data-analysis-0bf85,/industry-case-studies/how-property-management-teams-optimized-expense-tracking-with-ai-driven-data-analysis-0bf85
/recipes/how-recruitment-teams-optimized-candidate-processing-with-ai-driven-data-analysis-75d2e,/industry-case-studies/how-recruitment-teams-optimized-candidate-processing-with-ai-driven-data-analysis-75d2e
/recipes/how-public-sector-analytics-teams-optimized-population-planning-with-ai-driven-data-analysis-f01ae,/industry-case-studies/how-public-sector-analytics-teams-optimized-population-planning-with-ai-driven-data-analysis-f01ae
/recipes/how-retail-ecommerce-teams-optimized-customer-segmentation-and-targeting-with-ai-driven-data-analysis-b5dd7,/industry-case-studies/how-retail-ecommerce-teams-optimized-customer-segmentation-and-targeting-with-ai-driven-data-analysis-b5dd7
/recipes/how-religious-teaching-teams-optimized-student-engagement-with-ai-driven-data-analysis,/industry-case-studies/how-religious-teaching-teams-optimized-student-engagement-with-ai-driven-data-analysis
/recipes/how-retail-ecommerce-teams-optimized-customer-segmentation-and-targeting-with-ai-driven-data-analysis,/industry-case-studies/how-retail-ecommerce-teams-optimized-customer-segmentation-and-targeting-with-ai-driven-data-analysis
/recipes/how-security-operations-teams-optimized-workforce-efficiency-with-ai-driven-data-analysis,/industry-case-studies/how-security-operations-teams-optimized-workforce-efficiency-with-ai-driven-data-analysis
/recipes/how-retail-project-management-teams-optimized-workflow-efficiency-with-ai-driven-data-analysis,/industry-case-studies/how-retail-project-management-teams-optimized-workflow-efficiency-with-ai-driven-data-analysis
/recipes/how-research-study-teams-optimized-participant-consent-rates-with-ai-driven-data-analysis,/industry-case-studies/how-research-study-teams-optimized-participant-consent-rates-with-ai-driven-data-analysis
/recipes/how-research-study-teams-optimized-participant-consent-rates-with-ai-driven-data-analysis-5403e,/industry-case-studies/how-research-study-teams-optimized-participant-consent-rates-with-ai-driven-data-analysis-5403e
/recipes/how-k-12-education-teams-optimized-student-retention-and-academic-success-with-ai-driven-data-analysis,/industry-case-studies/how-k-12-education-teams-optimized-student-retention-and-academic-success-with-ai-driven-data-analysis
/recipes/how-media-entertainment-teams-optimized-content-pipeline-readiness-with-ai-driven-data-analysis-f2fdd,/industry-case-studies/how-media-entertainment-teams-optimized-content-pipeline-readiness-with-ai-driven-data-analysis-f2fdd
/recipes/how-privacy-compliance-teams-optimized-personal-data-protection-with-ai-driven-data-analysis-6afdd,/industry-case-studies/how-privacy-compliance-teams-optimized-personal-data-protection-with-ai-driven-data-analysis-6afdd
/recipes/how-professional-services-teams-optimized-transaction-value-insights-with-ai-driven-data-analysis,/industry-case-studies/how-professional-services-teams-optimized-transaction-value-insights-with-ai-driven-data-analysis
/recipes/how-retail-expansion-teams-optimized-market-penetration-with-ai-driven-data-analysis,/industry-case-studies/how-retail-expansion-teams-optimized-market-penetration-with-ai-driven-data-analysis
/recipes/how-retail-and-e-commerce-teams-optimized-competitive-benchmarking-with-ai-driven-data-analysis-d8b98,/industry-case-studies/how-retail-and-e-commerce-teams-optimized-competitive-benchmarking-with-ai-driven-data-analysis-d8b98
/recipes/how-public-health-teams-optimized-opioid-crisis-response-with-ai-driven-data-analysis,/industry-case-studies/how-public-health-teams-optimized-opioid-crisis-response-with-ai-driven-data-analysis
/recipes/how-quick-service-restaurant-teams-optimized-menu-quality-and-popularity-with-ai-driven-data-analysis-58e33,/industry-case-studies/how-quick-service-restaurant-teams-optimized-menu-quality-and-popularity-with-ai-driven-data-analysis-58e33
/recipes/how-recruitment-teams-optimized-candidate-processing-with-ai-driven-data-analysis,/industry-case-studies/how-recruitment-teams-optimized-candidate-processing-with-ai-driven-data-analysis
/recipes/how-retail-recycling-teams-optimized-collection-efficiency-with-ai-driven-data-analysis,/industry-case-studies/how-retail-recycling-teams-optimized-collection-efficiency-with-ai-driven-data-analysis
/recipes/how-retail-recycling-teams-optimized-collection-efficiency-with-ai-driven-data-analysis-7647c,/industry-case-studies/how-retail-recycling-teams-optimized-collection-efficiency-with-ai-driven-data-analysis-7647c
/recipes/how-public-health-teams-optimized-product-distribution-with-ai-driven-data-analysis,/industry-case-studies/how-public-health-teams-optimized-product-distribution-with-ai-driven-data-analysis
/recipes/how-public-sector-analytics-teams-optimized-population-planning-with-ai-driven-data-analysis,/industry-case-studies/how-public-sector-analytics-teams-optimized-population-planning-with-ai-driven-data-analysis
/recipes/how-saas-product-teams-optimized-user-onboarding-ux-with-ai-driven-data-analysis,/industry-case-studies/how-saas-product-teams-optimized-user-onboarding-ux-with-ai-driven-data-analysis
/recipes/how-subscription-platform-teams-optimized-plan-segmentation-with-ai-driven-data-analysis-82b3f,/industry-case-studies/how-subscription-platform-teams-optimized-plan-segmentation-with-ai-driven-data-analysis-82b3f
/recipes/how-transactional-operations-teams-optimized-submission-timing-with-ai-driven-data-analysis-23876,/industry-case-studies/how-transactional-operations-teams-optimized-submission-timing-with-ai-driven-data-analysis-23876
/solutions/revenue-operations,/solutions/sales-ops
/recipes/how-subscription-platform-teams-optimized-plan-segmentation-with-ai-driven-data-analysis,/industry-case-studies/how-subscription-platform-teams-optimized-plan-segmentation-with-ai-driven-data-analysis
/recipes/how-shared-services-teams-optimized-support-resource-allocation-with-ai-driven-data-analysis,/industry-case-studies/how-shared-services-teams-optimized-support-resource-allocation-with-ai-driven-data-analysis
/recipes/how-specialty-product-manufacturers-optimized-supplier-payments-and-procurement-focus-with-ai-driven-data-analysis,/industry-case-studies/how-specialty-product-manufacturers-optimized-supplier-payments-and-procurement-focus-with-ai-driven-data-analysis
/recipes/how-sustainable-agriculture-teams-optimized-resource-allocation-with-ai-driven-data-analysis-d2e61,/industry-case-studies/how-sustainable-agriculture-teams-optimized-resource-allocation-with-ai-driven-data-analysis-d2e61
/recipes/how-shared-services-teams-optimized-support-resource-allocation-with-ai-driven-data-analysis-8fc33,/industry-case-studies/how-shared-services-teams-optimized-support-resource-allocation-with-ai-driven-data-analysis-8fc33
/recipes/how-subscription-platform-teams-optimized-member-monetization-with-ai-driven-data-analysis,/industry-case-studies/how-subscription-platform-teams-optimized-member-monetization-with-ai-driven-data-analysis
/recipes/how-sustainability-esg-teams-optimized-climate-risk-assessment-with-ai-driven-data-analysis-5c068,/industry-case-studies/how-sustainability-esg-teams-optimized-climate-risk-assessment-with-ai-driven-data-analysis-5c068
/recipes/how-team-performance-leaders-optimized-goal-achievement-with-ai-driven-data-analysis,/industry-case-studies/how-team-performance-leaders-optimized-goal-achievement-with-ai-driven-data-analysis
/recipes/how-transactional-operations-teams-optimized-submission-timing-with-ai-driven-data-analysis,/industry-case-studies/how-transactional-operations-teams-optimized-submission-timing-with-ai-driven-data-analysis
/recipes/how-software-delivery-teams-optimized-ticket-backlog-reduction-with-ai-driven-data-analysis,/industry-case-studies/how-software-delivery-teams-optimized-ticket-backlog-reduction-with-ai-driven-data-analysis
/recipes/how-team-performance-leaders-optimized-goal-achievement-with-ai-driven-data-analysis-45c5a,/industry-case-studies/how-team-performance-leaders-optimized-goal-achievement-with-ai-driven-data-analysis-45c5a
/the-inside-scoop/scoop-monday-demo,/the-inside-scoop
/recipes/how-sports-analytics-teams-optimized-player-performance-insights-with-ai-driven-data-analysis,/industry-case-studies/how-sports-analytics-teams-optimized-player-performance-insights-with-ai-driven-data-analysis
/recipes/how-wholesale-fuel-teams-optimized-pricing-strategy-with-ai-driven-data-analysis-8c848,/industry-case-studies/how-wholesale-fuel-teams-optimized-pricing-strategy-with-ai-driven-data-analysis-8c848
/recipes/how-wine-producers-optimized-product-segmentation-with-ai-driven-data-analysis-664ab,/industry-case-studies/how-wine-producers-optimized-product-segmentation-with-ai-driven-data-analysis-664ab
/recipes/how-sales-enablement-teams-optimized-crm-adoption-with-ai-driven-data-analysis-d7908,/industry-case-studies/how-sales-enablement-teams-optimized-crm-adoption-with-ai-driven-data-analysis-d7908
/recipes/how-security-operations-teams-optimized-staffing-and-labor-costs-with-ai-driven-data-analysis-6ac4c,/industry-case-studies/how-security-operations-teams-optimized-staffing-and-labor-costs-with-ai-driven-data-analysis-6ac4c
/recipes/how-project-delivery-teams-optimized-implementation-readiness-with-ai-driven-data-analysis,/industry-case-studies/how-project-delivery-teams-optimized-implementation-readiness-with-ai-driven-data-analysis
/recipes/how-security-operations-teams-optimized-workforce-efficiency-with-ai-driven-data-analysis-98bd7,/industry-case-studies/how-security-operations-teams-optimized-workforce-efficiency-with-ai-driven-data-analysis-98bd7
/recipes/how-quick-service-restaurant-teams-optimized-menu-quality-and-popularity-with-ai-driven-data-analysis,/industry-case-studies/how-quick-service-restaurant-teams-optimized-menu-quality-and-popularity-with-ai-driven-data-analysis
/recipes/how-saas-sales-teams-optimized-pipeline-conversion-with-ai-driven-data-analysis-3b351,/industry-case-studies/how-saas-sales-teams-optimized-pipeline-conversion-with-ai-driven-data-analysis-3b351
/recipes/how-sales-enablement-teams-optimized-crm-adoption-with-ai-driven-data-analysis,/industry-case-studies/how-sales-enablement-teams-optimized-crm-adoption-with-ai-driven-data-analysis
/recipes/how-software-delivery-teams-optimized-ticket-backlog-reduction-with-ai-driven-data-analysis-1bc11,/industry-case-studies/how-software-delivery-teams-optimized-ticket-backlog-reduction-with-ai-driven-data-analysis-1bc11
/recipes/how-sustainability-esg-teams-optimized-climate-risk-assessment-with-ai-driven-data-analysis,/industry-case-studies/how-sustainability-esg-teams-optimized-climate-risk-assessment-with-ai-driven-data-analysis
/recipes/how-wine-producers-optimized-product-segmentation-with-ai-driven-data-analysis,/industry-case-studies/how-wine-producers-optimized-product-segmentation-with-ai-driven-data-analysis
/the-inside-scoop/scoop-monday-demo-copy-3,/the-inside-scoop
/recipes/how-sports-analytics-teams-optimized-player-performance-insights-with-ai-driven-data-analysis-08658,/industry-case-studies/how-sports-analytics-teams-optimized-player-performance-insights-with-ai-driven-data-analysis-08658
/recipes/how-sustainable-agriculture-teams-optimized-resource-allocation-with-ai-driven-data-analysis,/industry-case-studies/how-sustainable-agriculture-teams-optimized-resource-allocation-with-ai-driven-data-analysis
/recipes/how-wholesale-fuel-teams-optimized-pricing-strategy-with-ai-driven-data-analysis,/industry-case-studies/how-wholesale-fuel-teams-optimized-pricing-strategy-with-ai-driven-data-analysis
/recipes/how-telecom-tech-leadership-teams-optimized-executive-structure-analysis-with-ai-driven-data-analysis,/industry-case-studies/how-telecom-tech-leadership-teams-optimized-executive-structure-analysis-with-ai-driven-data-analysis
/untitled-3,/
/untitled-2,/
/video-gallery/scoop-monday-demo-copy,/
/recipes/how-telecommunications-teams-optimized-customer-retention-with-ai-driven-data-analysis,/industry-case-studies/how-telecommunications-teams-optimized-customer-retention-with-ai-driven-data-analysis
/old-home,/
/getting-started,/
/blog/data-snapshots-and-decision-making,/blog
/blog/strategies-to-master-revops,/blog
/webinars,/
/old-home-2,/
/dashboard-vs-ai-reality-check-landing-page,/dashboard-vs-ai-reality-check
/dashboard-vs-ai-reality-check,/dashboard-vs-ai-data-chat
/dashboard-vs-ai-data-chat,/ai-data-analytics-vs-dashboard
/chat-with-redfin-housing-market-data-free-regional-market-analysis-tool,/housing-market-ai
/demo,https://go.scoopanalytics.com/signup
