url,suggested_redirect
https://www.scoopanalytics.com/industry-case-studies/how-research-study-teams-optimized-participant-consent-rates-with-ai-driven-data-analysis-5403e,/industry-case-studies/how-research-study-teams-optimized-participant-consent-rates-with-ai-driven-data-analysis-5403e
https://www.scoopanalytics.com/industry-case-studies/how-digital-media-agencies-optimized-revenue-forecasting-with-ai-driven-data-analysis-e22ae,/industry-case-studies/how-digital-media-agencies-optimized-revenue-forecasting-with-ai-driven-data-analysis-e22ae
https://www.scoopanalytics.com/industry-case-studies/how-media-production-teams-optimized-vendor-procurement-with-ai-driven-data-analysis-dc64d,/industry-case-studies/how-media-production-teams-optimized-vendor-procurement-with-ai-driven-data-analysis-dc64d
https://www.scoopanalytics.com/blog/why-traders-should-pay-attention-to-earthquakes-occurring-in-japan/?utm_content=buffer98515&utm_medium=social&utm_source=linkedin.com&utm_campaign=buffer,/blog/why-traders-should-pay-attention-to-earthquakes-occurring-in-japan/
https://www.scoopanalytics.com/blog/segment-and-cluster-discovery-your-ai-data-scientists-first-superpower-2,/blog/segment-and-cluster-discovery-your-ai-data-scientists-first-superpower-2
http://www.scoopanalytics.com/blog/segment-and-cluster-discovery-your-ai-data-scientists-first-superpower-2,/blog/segment-and-cluster-discovery-your-ai-data-scientists-first-superpower-2
https://www.scoopanalytics.com/analysis-pages/competitive-analysis,/analysis-pages/competitive-analysis
https://www.scoopanalytics.com/industry-case-studies/how-saas-sales-teams-optimized-pipeline-conversion-with-ai-driven-data-analysis-3b351,/industry-case-studies/how-saas-sales-teams-optimized-pipeline-conversion-with-ai-driven-data-analysis-3b351
https://www.scoopanalytics.com/static-html-test,/static-html-test
https://www.scoopanalytics.com/competitors/snowflake-cortex-vs-tableau-pulse-vs-scoop,/competitors/snowflake-cortex-vs-tableau-pulse-vs-scoop
https://www.scoopanalytics.com/analysis-pages/empowerment-framework,/analysis-pages/empowerment-framework
https://www.scoopanalytics.com/book-a-demo,/book-a-demo
https://www.scoopanalytics.com/quick-reads,/quick-reads
https://www.scoopanalytics.com/competitors/link,/competitors/link
https://www.scoopanalytics.com/competitors/tellius-vs-zenlytic-vs-scoop,/competitors/tellius-vs-zenlytic-vs-scoop
https://www.scoopanalytics.com/recipes/how-ecommerce-electronics-teams-optimized-laptop-sales-strategy-with-ai-driven-data-analysis,/recipes/how-ecommerce-electronics-teams-optimized-laptop-sales-strategy-with-ai-driven-data-analysis
https://www.scoopanalytics.com/competitors/${comp.slug},/competitors/$%7Bcomp.slug%7D
https://www.scoopanalytics.com/our-solutions,/our-solutions
https://www.scoopanalytics.com/type-of-companies,/type-of-companies
https://www.scoopanalytics.com/competitors/sisense-vs-thoughtspot-vs-scoop,/competitors/sisense-vs-thoughtspot-vs-scoop
https://www.scoopanalytics.com/industry-case-studies/how-wine-producers-optimized-product-segmentation-with-ai-driven-data-analysis-664ab,/industry-case-studies/how-wine-producers-optimized-product-segmentation-with-ai-driven-data-analysis-664ab
https://www.scoopanalytics.com/competitors/tellius-vs-thoughtspot-vs-scoop,/competitors/tellius-vs-thoughtspot-vs-scoop
https://www.scoopanalytics.com/solutions,/solutions
https://www.scoopanalytics.com/ai,/ai
https://www.scoopanalytics.com/industry-case-studies,/industry-case-studies
https://www.scoopanalytics.com/analysis-pages,/analysis-pages
https://www.scoopanalytics.com/book-demo,/book-demo
https://www.scoopanalytics.com/deep-dives,/deep-dives
https://www.scoopanalytics.com/kpi-library,/kpi-library
https://www.scoopanalytics.com/watch?v,/watch
https://www.scoopanalytics.com/embed/,/embed/
https://www.scoopanalytics.com/blog-category/,/blog-category/
https://www.scoopanalytics.com/industry-case-studies/how-property-management-teams-optimized-expense-tracking-with-ai-driven-data-analysis-0bf85,/industry-case-studies/how-property-management-teams-optimized-expense-tracking-with-ai-driven-data-analysis-0bf85
https://www.scoopanalytics.com/features,/features
https://www.scoopanalytics.com/schedule-demo,/schedule-demo
https://www.scoopanalytics.com/free-trial,/free-trial
https://scoopanalytics.com/reset-password,/reset-password
https://www.scoopanalytics.com/recipes/how-specialty-fashion-brands-optimized-product-positioning-and-revenue-growth-with-ai-driven-data-analysis,/recipes/how-specialty-fashion-brands-optimized-product-positioning-and-revenue-growth-with-ai-driven-data-analysis
https://www.scoopanalytics.com/agencies,/agencies
https://www.scoopanalytics.com/industry-case-studies/how-professional-networks-optimized-mentorship-engagement-with-ai-driven-data-analysis-c8288,/industry-case-studies/how-professional-networks-optimized-mentorship-engagement-with-ai-driven-data-analysis-c8288
https://www.scoopanalytics.com/industry-case-studies/how-facilities-management-teams-optimized-security-risk-mitigation-with-ai-driven-data-analysis-df1e8,/industry-case-studies/how-facilities-management-teams-optimized-security-risk-mitigation-with-ai-driven-data-analysis-df1e8
https://www.scoopanalytics.com/industry-case-studies/how-healthcare-manufacturing-teams-optimized-performance-and-costs-with-ai-driven-data-analysis-6b74a,/industry-case-studies/how-healthcare-manufacturing-teams-optimized-performance-and-costs-with-ai-driven-data-analysis-6b74a
https://www.scoopanalytics.com/solutions/marketingsolution,/solutions/marketingsolution
https://www.scoopanalytics.com/blog/rtest,/blog/rtest